problemName, vehicleFileID, cutoffTime, problemTypeString, numUAVs, numTrucks, requireTruckAtDepot, requireDriver, Etype, ITER 
20170606T120227545709, 101, 5.000000, mFSTSP Heuristic, 3, -1, True, True, 1, 1 

Objective Function Value: 18201.701986 

Assignments: 
vehicleID, vehicleType, activityType, startTime, startNode, endTime, endNode, Description, Status 
1, Truck, Truck travels with UAV(s) on board, 0.000000, 0, 51.153749, 34, Travel from node 0 to node 34, Traveling 
1, Truck, Truck is stationary with UAV(s) on board, 51.153749, 34, 111.153749, 34, Launching UAV 3, UAV Launch 
1, Truck, Truck is stationary with UAV(s) on board, 111.153749, 34, 171.153749, 34, Launching UAV 2, UAV Launch 
1, Truck, Truck is stationary with UAV(s) on board, 171.153749, 34, 201.153749, 34, Dropping off package to Customer 34, Making Delivery 
1, Truck, Truck travels with UAV(s) on board, 201.153749, 34, 349.059565, 84, Travel from node 34 to node 84, Traveling 
1, Truck, Truck is stationary with UAV(s) on board, 349.059565, 84, 379.059565, 84, Dropping off package to Customer 84, Making Delivery 
1, Truck, Truck is stationary with UAV(s) on board, 379.059565, 84, 382.204403, 84, Idle for   3 seconds, Idle 
1, Truck, Truck is stationary with UAV(s) on board, 382.204403, 84, 442.204403, 84, Launching UAV 4, UAV Launch 
1, Truck, Truck is stationary with UAV(s) on board, 442.204403, 84, 471.022519, 84, Idle for  29 seconds, Idle 
1, Truck, Truck is stationary with UAV(s) on board, 471.022519, 84, 501.022519, 84, Retrieving UAV 3, UAV Recovery 
1, Truck, Truck is stationary with UAV(s) on board, 501.022519, 84, 561.022519, 84, Launching UAV 3, UAV Launch 
1, Truck, Truck is stationary with UAV(s) on board, 561.022519, 84, 591.022519, 84, Retrieving UAV 2, UAV Recovery 
1, Truck, Truck is stationary with UAV(s) on board, 591.022519, 84, 651.022519, 84, Launching UAV 2, UAV Launch 
1, Truck, Truck travels with no UAVs on board, 651.022519, 84, 1176.154878, 32, Travel from node 84 to node 32, Traveling 
1, Truck, Truck is stationary with no UAVs on board, 1176.154878, 32, 1206.154878, 32, Retrieving UAV 4, UAV Recovery 
1, Truck, Truck is stationary with no UAVs on board, 1206.154878, 32, 1236.154878, 32, Dropping off package to Customer 32, Making Delivery 
1, Truck, Truck is stationary with no UAVs on board, 1236.154878, 32, 1266.154878, 32, Retrieving UAV 2, UAV Recovery 
1, Truck, Truck travels with UAV(s) on board, 1266.154878, 32, 1361.193415, 100, Travel from node 32 to node 100, Traveling 
1, Truck, Truck is stationary with UAV(s) on board, 1361.193415, 100, 1391.193415, 100, Dropping off package to Customer 100, Making Delivery 
1, Truck, Truck travels with UAV(s) on board, 1391.193415, 100, 1580.880855, 10, Travel from node 100 to node 10, Traveling 
1, Truck, Truck is stationary with UAV(s) on board, 1580.880855, 10, 1610.880855, 10, Retrieving UAV 3, UAV Recovery 
1, Truck, Truck is stationary with UAV(s) on board, 1610.880855, 10, 1640.880855, 10, Dropping off package to Customer 10, Making Delivery 
1, Truck, Truck travels with UAV(s) on board, 1640.880855, 10, 1682.055102, 54, Travel from node 10 to node 54, Traveling 
1, Truck, Truck is stationary with UAV(s) on board, 1682.055102, 54, 1712.055102, 54, Dropping off package to Customer 54, Making Delivery 
1, Truck, Truck travels with UAV(s) on board, 1712.055102, 54, 1778.575420, 78, Travel from node 54 to node 78, Traveling 
1, Truck, Truck is stationary with UAV(s) on board, 1778.575420, 78, 1808.575420, 78, Dropping off package to Customer 78, Making Delivery 
1, Truck, Truck travels with UAV(s) on board, 1808.575420, 78, 2393.884449, 77, Travel from node 78 to node 77, Traveling 
1, Truck, Truck is stationary with UAV(s) on board, 2393.884449, 77, 2453.884449, 77, Launching UAV 2, UAV Launch 
1, Truck, Truck is stationary with UAV(s) on board, 2453.884449, 77, 2483.884449, 77, Dropping off package to Customer 77, Making Delivery 
1, Truck, Truck travels with UAV(s) on board, 2483.884449, 77, 2690.010448, 65, Travel from node 77 to node 65, Traveling 
1, Truck, Truck is stationary with UAV(s) on board, 2690.010448, 65, 2720.010448, 65, Dropping off package to Customer 65, Making Delivery 
1, Truck, Truck travels with UAV(s) on board, 2720.010448, 65, 3070.068686, 55, Travel from node 65 to node 55, Traveling 
1, Truck, Truck is stationary with UAV(s) on board, 3070.068686, 55, 3100.068686, 55, Retrieving UAV 2, UAV Recovery 
1, Truck, Truck is stationary with UAV(s) on board, 3100.068686, 55, 3130.068686, 55, Dropping off package to Customer 55, Making Delivery 
1, Truck, Truck travels with UAV(s) on board, 3130.068686, 55, 3162.053819, 43, Travel from node 55 to node 43, Traveling 
1, Truck, Truck is stationary with UAV(s) on board, 3162.053819, 43, 3192.053819, 43, Dropping off package to Customer 43, Making Delivery 
1, Truck, Truck travels with UAV(s) on board, 3192.053819, 43, 3691.628930, 2, Travel from node 43 to node 2, Traveling 
1, Truck, Truck is stationary with UAV(s) on board, 3691.628930, 2, 3721.628930, 2, Dropping off package to Customer 2, Making Delivery 
1, Truck, Truck travels with UAV(s) on board, 3721.628930, 2, 3840.530388, 42, Travel from node 2 to node 42, Traveling 
1, Truck, Truck is stationary with UAV(s) on board, 3840.530388, 42, 3870.530388, 42, Dropping off package to Customer 42, Making Delivery 
1, Truck, Truck travels with UAV(s) on board, 3870.530388, 42, 3896.550353, 44, Travel from node 42 to node 44, Traveling 
1, Truck, Truck is stationary with UAV(s) on board, 3896.550353, 44, 3956.550353, 44, Launching UAV 4, UAV Launch 
1, Truck, Truck is stationary with UAV(s) on board, 3956.550353, 44, 4016.550353, 44, Launching UAV 3, UAV Launch 
1, Truck, Truck is stationary with UAV(s) on board, 4016.550353, 44, 4076.550353, 44, Launching UAV 2, UAV Launch 
1, Truck, Truck is stationary with UAV(s) on board, 4076.550353, 44, 4106.550353, 44, Dropping off package to Customer 44, Making Delivery 
1, Truck, Truck travels with no UAVs on board, 4106.550353, 44, 4565.626269, 95, Travel from node 44 to node 95, Traveling 
1, Truck, Truck is stationary with no UAVs on board, 4565.626269, 95, 4595.626269, 95, Retrieving UAV 3, UAV Recovery 
1, Truck, Truck is stationary with no UAVs on board, 4595.626269, 95, 4625.626269, 95, Retrieving UAV 2, UAV Recovery 
1, Truck, Truck is stationary with no UAVs on board, 4625.626269, 95, 4685.626269, 95, Launching UAV 2, UAV Launch 
1, Truck, Truck is stationary with no UAVs on board, 4685.626269, 95, 4745.626269, 95, Launching UAV 3, UAV Launch 
1, Truck, Truck is stationary with no UAVs on board, 4745.626269, 95, 4775.626269, 95, Retrieving UAV 4, UAV Recovery 
1, Truck, Truck is stationary with no UAVs on board, 4775.626269, 95, 4835.626269, 95, Launching UAV 4, UAV Launch 
1, Truck, Truck is stationary with no UAVs on board, 4835.626269, 95, 4865.626269, 95, Dropping off package to Customer 95, Making Delivery 
1, Truck, Truck travels with no UAVs on board, 4865.626269, 95, 4988.671856, 81, Travel from node 95 to node 81, Traveling 
1, Truck, Truck is stationary with no UAVs on board, 4988.671856, 81, 5018.671856, 81, Dropping off package to Customer 81, Making Delivery 
1, Truck, Truck is stationary with no UAVs on board, 5018.671856, 81, 5044.195967, 81, Idle for  26 seconds, Idle 
1, Truck, Truck is stationary with no UAVs on board, 5044.195967, 81, 5074.195967, 81, Retrieving UAV 2, UAV Recovery 
1, Truck, Truck is stationary with no UAVs on board, 5074.195967, 81, 5119.746917, 81, Idle for  46 seconds, Idle 
1, Truck, Truck is stationary with no UAVs on board, 5119.746917, 81, 5149.746917, 81, Retrieving UAV 3, UAV Recovery 
1, Truck, Truck is stationary with no UAVs on board, 5149.746917, 81, 5187.308444, 81, Idle for  38 seconds, Idle 
1, Truck, Truck is stationary with no UAVs on board, 5187.308444, 81, 5217.308444, 81, Retrieving UAV 4, UAV Recovery 
1, Truck, Truck travels with UAV(s) on board, 5217.308444, 81, 6008.050128, 35, Travel from node 81 to node 35, Traveling 
1, Truck, Truck is stationary with UAV(s) on board, 6008.050128, 35, 6038.050128, 35, Dropping off package to Customer 35, Making Delivery 
1, Truck, Truck is stationary with UAV(s) on board, 6038.050128, 35, 6098.050128, 35, Launching UAV 2, UAV Launch 
1, Truck, Truck travels with UAV(s) on board, 6098.050128, 35, 6824.546427, 11, Travel from node 35 to node 11, Traveling 
1, Truck, Truck is stationary with UAV(s) on board, 6824.546427, 11, 6854.546427, 11, Retrieving UAV 2, UAV Recovery 
1, Truck, Truck is stationary with UAV(s) on board, 6854.546427, 11, 6914.546427, 11, Launching UAV 3, UAV Launch 
1, Truck, Truck is stationary with UAV(s) on board, 6914.546427, 11, 6974.546427, 11, Launching UAV 2, UAV Launch 
1, Truck, Truck is stationary with UAV(s) on board, 6974.546427, 11, 7004.546427, 11, Dropping off package to Customer 11, Making Delivery 
1, Truck, Truck travels with UAV(s) on board, 7004.546427, 11, 7268.196588, 82, Travel from node 11 to node 82, Traveling 
1, Truck, Truck is stationary with UAV(s) on board, 7268.196588, 82, 7298.196588, 82, Dropping off package to Customer 82, Making Delivery 
1, Truck, Truck is stationary with UAV(s) on board, 7298.196588, 82, 7328.196588, 82, Retrieving UAV 2, UAV Recovery 
1, Truck, Truck is stationary with UAV(s) on board, 7328.196588, 82, 7358.196588, 82, Retrieving UAV 3, UAV Recovery 
1, Truck, Truck is stationary with UAV(s) on board, 7358.196588, 82, 7418.196588, 82, Launching UAV 3, UAV Launch 
1, Truck, Truck is stationary with UAV(s) on board, 7418.196588, 82, 7478.196588, 82, Launching UAV 2, UAV Launch 
1, Truck, Truck is stationary with UAV(s) on board, 7478.196588, 82, 7538.196588, 82, Launching UAV 4, UAV Launch 
1, Truck, Truck travels with no UAVs on board, 7538.196588, 82, 8068.582373, 89, Travel from node 82 to node 89, Traveling 
1, Truck, Truck is stationary with no UAVs on board, 8068.582373, 89, 8098.582373, 89, Retrieving UAV 3, UAV Recovery 
1, Truck, Truck is stationary with no UAVs on board, 8098.582373, 89, 8128.582373, 89, Dropping off package to Customer 89, Making Delivery 
1, Truck, Truck is stationary with no UAVs on board, 8128.582373, 89, 8158.582373, 89, Retrieving UAV 4, UAV Recovery 
1, Truck, Truck travels with UAV(s) on board, 8158.582373, 89, 8235.794722, 23, Travel from node 89 to node 23, Traveling 
1, Truck, Truck is stationary with UAV(s) on board, 8235.794722, 23, 8265.794722, 23, Retrieving UAV 2, UAV Recovery 
1, Truck, Truck is stationary with UAV(s) on board, 8265.794722, 23, 8295.794722, 23, Dropping off package to Customer 23, Making Delivery 
1, Truck, Truck travels with UAV(s) on board, 8295.794722, 23, 8347.802556, 20, Travel from node 23 to node 20, Traveling 
1, Truck, Truck is stationary with UAV(s) on board, 8347.802556, 20, 8407.802556, 20, Launching UAV 2, UAV Launch 
1, Truck, Truck is stationary with UAV(s) on board, 8407.802556, 20, 8437.802556, 20, Dropping off package to Customer 20, Making Delivery 
1, Truck, Truck travels with UAV(s) on board, 8437.802556, 20, 8506.314982, 27, Travel from node 20 to node 27, Traveling 
1, Truck, Truck is stationary with UAV(s) on board, 8506.314982, 27, 8536.314982, 27, Dropping off package to Customer 27, Making Delivery 
1, Truck, Truck travels with UAV(s) on board, 8536.314982, 27, 8565.137174, 53, Travel from node 27 to node 53, Traveling 
1, Truck, Truck is stationary with UAV(s) on board, 8565.137174, 53, 8625.137174, 53, Launching UAV 3, UAV Launch 
1, Truck, Truck is stationary with UAV(s) on board, 8625.137174, 53, 8685.137174, 53, Launching UAV 4, UAV Launch 
1, Truck, Truck is stationary with UAV(s) on board, 8685.137174, 53, 8715.137174, 53, Dropping off package to Customer 53, Making Delivery 
1, Truck, Truck is stationary with UAV(s) on board, 8715.137174, 53, 8721.847622, 53, Idle for   7 seconds, Idle 
1, Truck, Truck is stationary with UAV(s) on board, 8721.847622, 53, 8751.847622, 53, Retrieving UAV 2, UAV Recovery 
1, Truck, Truck is stationary with UAV(s) on board, 8751.847622, 53, 8811.847622, 53, Launching UAV 2, UAV Launch 
1, Truck, Truck travels with no UAVs on board, 8811.847622, 53, 9000.115856, 13, Travel from node 53 to node 13, Traveling 
1, Truck, Truck is stationary with no UAVs on board, 9000.115856, 13, 9030.115856, 13, Retrieving UAV 3, UAV Recovery 
1, Truck, Truck is stationary with no UAVs on board, 9030.115856, 13, 9060.115856, 13, Retrieving UAV 4, UAV Recovery 
1, Truck, Truck is stationary with no UAVs on board, 9060.115856, 13, 9120.115856, 13, Launching UAV 3, UAV Launch 
1, Truck, Truck is stationary with no UAVs on board, 9120.115856, 13, 9150.115856, 13, Retrieving UAV 2, UAV Recovery 
1, Truck, Truck is stationary with no UAVs on board, 9150.115856, 13, 9210.115856, 13, Launching UAV 4, UAV Launch 
1, Truck, Truck is stationary with no UAVs on board, 9210.115856, 13, 9240.115856, 13, Dropping off package to Customer 13, Making Delivery 
1, Truck, Truck is stationary with no UAVs on board, 9240.115856, 13, 9300.115856, 13, Launching UAV 2, UAV Launch 
1, Truck, Truck travels with no UAVs on board, 9300.115856, 13, 9497.317628, 52, Travel from node 13 to node 52, Traveling 
1, Truck, Truck is stationary with no UAVs on board, 9497.317628, 52, 9527.317628, 52, Retrieving UAV 3, UAV Recovery 
1, Truck, Truck is stationary with no UAVs on board, 9527.317628, 52, 9587.317628, 52, Launching UAV 3, UAV Launch 
1, Truck, Truck is stationary with no UAVs on board, 9587.317628, 52, 9617.317628, 52, Retrieving UAV 4, UAV Recovery 
1, Truck, Truck is stationary with no UAVs on board, 9617.317628, 52, 9677.317628, 52, Launching UAV 4, UAV Launch 
1, Truck, Truck is stationary with no UAVs on board, 9677.317628, 52, 9707.317628, 52, Dropping off package to Customer 52, Making Delivery 
1, Truck, Truck is stationary with no UAVs on board, 9707.317628, 52, 9737.317628, 52, Retrieving UAV 2, UAV Recovery 
1, Truck, Truck is stationary with no UAVs on board, 9737.317628, 52, 9797.317628, 52, Launching UAV 2, UAV Launch 
1, Truck, Truck travels with no UAVs on board, 9797.317628, 52, 10000.208444, 7, Travel from node 52 to node 7, Traveling 
1, Truck, Truck is stationary with no UAVs on board, 10000.208444, 7, 10030.208444, 7, Dropping off package to Customer 7, Making Delivery 
1, Truck, Truck is stationary with no UAVs on board, 10030.208444, 7, 10060.208444, 7, Retrieving UAV 4, UAV Recovery 
1, Truck, Truck is stationary with no UAVs on board, 10060.208444, 7, 10090.208444, 7, Retrieving UAV 3, UAV Recovery 
1, Truck, Truck is stationary with no UAVs on board, 10090.208444, 7, 10120.208444, 7, Retrieving UAV 2, UAV Recovery 
1, Truck, Truck is stationary with no UAVs on board, 10120.208444, 7, 10180.208444, 7, Launching UAV 4, UAV Launch 
1, Truck, Truck is stationary with no UAVs on board, 10180.208444, 7, 10240.208444, 7, Launching UAV 2, UAV Launch 
1, Truck, Truck is stationary with no UAVs on board, 10240.208444, 7, 10300.208444, 7, Launching UAV 3, UAV Launch 
1, Truck, Truck travels with no UAVs on board, 10300.208444, 7, 10541.428226, 40, Travel from node 7 to node 40, Traveling 
1, Truck, Truck is stationary with no UAVs on board, 10541.428226, 40, 10571.428226, 40, Retrieving UAV 4, UAV Recovery 
1, Truck, Truck is stationary with no UAVs on board, 10571.428226, 40, 10601.428226, 40, Retrieving UAV 3, UAV Recovery 
1, Truck, Truck is stationary with no UAVs on board, 10601.428226, 40, 10661.428226, 40, Launching UAV 4, UAV Launch 
1, Truck, Truck is stationary with no UAVs on board, 10661.428226, 40, 10691.428226, 40, Retrieving UAV 2, UAV Recovery 
1, Truck, Truck is stationary with no UAVs on board, 10691.428226, 40, 10751.428226, 40, Launching UAV 3, UAV Launch 
1, Truck, Truck is stationary with no UAVs on board, 10751.428226, 40, 10811.428226, 40, Launching UAV 2, UAV Launch 
1, Truck, Truck is stationary with no UAVs on board, 10811.428226, 40, 10841.428226, 40, Dropping off package to Customer 40, Making Delivery 
1, Truck, Truck travels with no UAVs on board, 10841.428226, 40, 11246.603682, 39, Travel from node 40 to node 39, Traveling 
1, Truck, Truck is stationary with no UAVs on board, 11246.603682, 39, 11276.603682, 39, Retrieving UAV 3, UAV Recovery 
1, Truck, Truck is stationary with no UAVs on board, 11276.603682, 39, 11306.603682, 39, Dropping off package to Customer 39, Making Delivery 
1, Truck, Truck is stationary with no UAVs on board, 11306.603682, 39, 11336.603682, 39, Retrieving UAV 2, UAV Recovery 
1, Truck, Truck is stationary with no UAVs on board, 11336.603682, 39, 11366.603682, 39, Retrieving UAV 4, UAV Recovery 
1, Truck, Truck travels with UAV(s) on board, 11366.603682, 39, 11986.458271, 96, Travel from node 39 to node 96, Traveling 
1, Truck, Truck is stationary with UAV(s) on board, 11986.458271, 96, 12016.458271, 96, Dropping off package to Customer 96, Making Delivery 
1, Truck, Truck travels with UAV(s) on board, 12016.458271, 96, 12899.656509, 70, Travel from node 96 to node 70, Traveling 
1, Truck, Truck is stationary with UAV(s) on board, 12899.656509, 70, 12929.656509, 70, Dropping off package to Customer 70, Making Delivery 
1, Truck, Truck is stationary with UAV(s) on board, 12929.656509, 70, 12989.656509, 70, Launching UAV 2, UAV Launch 
1, Truck, Truck is stationary with UAV(s) on board, 12989.656509, 70, 13049.656509, 70, Launching UAV 3, UAV Launch 
1, Truck, Truck travels with UAV(s) on board, 13049.656509, 70, 13599.616527, 22, Travel from node 70 to node 22, Traveling 
1, Truck, Truck is stationary with UAV(s) on board, 13599.616527, 22, 13629.616527, 22, Retrieving UAV 3, UAV Recovery 
1, Truck, Truck is stationary with UAV(s) on board, 13629.616527, 22, 13659.616527, 22, Retrieving UAV 2, UAV Recovery 
1, Truck, Truck is stationary with UAV(s) on board, 13659.616527, 22, 13719.616527, 22, Launching UAV 3, UAV Launch 
1, Truck, Truck is stationary with UAV(s) on board, 13719.616527, 22, 13779.616527, 22, Launching UAV 2, UAV Launch 
1, Truck, Truck is stationary with UAV(s) on board, 13779.616527, 22, 13809.616527, 22, Dropping off package to Customer 22, Making Delivery 
1, Truck, Truck travels with UAV(s) on board, 13809.616527, 22, 13885.357289, 56, Travel from node 22 to node 56, Traveling 
1, Truck, Truck is stationary with UAV(s) on board, 13885.357289, 56, 13945.357289, 56, Launching UAV 4, UAV Launch 
1, Truck, Truck is stationary with UAV(s) on board, 13945.357289, 56, 13975.357289, 56, Retrieving UAV 3, UAV Recovery 
1, Truck, Truck is stationary with UAV(s) on board, 13975.357289, 56, 14035.357289, 56, Launching UAV 3, UAV Launch 
1, Truck, Truck is stationary with UAV(s) on board, 14035.357289, 56, 14065.357289, 56, Dropping off package to Customer 56, Making Delivery 
1, Truck, Truck is stationary with UAV(s) on board, 14065.357289, 56, 14095.357289, 56, Retrieving UAV 2, UAV Recovery 
1, Truck, Truck is stationary with UAV(s) on board, 14095.357289, 56, 14155.357289, 56, Launching UAV 2, UAV Launch 
1, Truck, Truck travels with no UAVs on board, 14155.357289, 56, 14514.834822, 62, Travel from node 56 to node 62, Traveling 
1, Truck, Truck is stationary with no UAVs on board, 14514.834822, 62, 14544.834822, 62, Retrieving UAV 4, UAV Recovery 
1, Truck, Truck is stationary with no UAVs on board, 14544.834822, 62, 14548.434920, 62, Idle for   4 seconds, Idle 
1, Truck, Truck is stationary with no UAVs on board, 14548.434920, 62, 14578.434920, 62, Retrieving UAV 2, UAV Recovery 
1, Truck, Truck is stationary with no UAVs on board, 14578.434920, 62, 14608.434920, 62, Dropping off package to Customer 62, Making Delivery 
1, Truck, Truck is stationary with no UAVs on board, 14608.434920, 62, 14668.434920, 62, Launching UAV 2, UAV Launch 
1, Truck, Truck is stationary with no UAVs on board, 14668.434920, 62, 14698.434920, 62, Retrieving UAV 3, UAV Recovery 
1, Truck, Truck is stationary with no UAVs on board, 14698.434920, 62, 14758.434920, 62, Launching UAV 3, UAV Launch 
1, Truck, Truck is stationary with no UAVs on board, 14758.434920, 62, 14818.434920, 62, Launching UAV 4, UAV Launch 
1, Truck, Truck travels with no UAVs on board, 14818.434920, 62, 15016.118878, 59, Travel from node 62 to node 59, Traveling 
1, Truck, Truck is stationary with no UAVs on board, 15016.118878, 59, 15046.118878, 59, Retrieving UAV 2, UAV Recovery 
1, Truck, Truck is stationary with no UAVs on board, 15046.118878, 59, 15076.118878, 59, Dropping off package to Customer 59, Making Delivery 
1, Truck, Truck is stationary with no UAVs on board, 15076.118878, 59, 15136.118878, 59, Launching UAV 2, UAV Launch 
1, Truck, Truck is stationary with no UAVs on board, 15136.118878, 59, 15166.118878, 59, Retrieving UAV 3, UAV Recovery 
1, Truck, Truck travels with UAV(s) on board, 15166.118878, 59, 15270.318647, 38, Travel from node 59 to node 38, Traveling 
1, Truck, Truck is stationary with UAV(s) on board, 15270.318647, 38, 15300.318647, 38, Retrieving UAV 4, UAV Recovery 
1, Truck, Truck is stationary with UAV(s) on board, 15300.318647, 38, 15330.318647, 38, Dropping off package to Customer 38, Making Delivery 
1, Truck, Truck is stationary with UAV(s) on board, 15330.318647, 38, 15360.318647, 38, Retrieving UAV 2, UAV Recovery 
1, Truck, Truck is stationary with UAV(s) on board, 15360.318647, 38, 15420.318647, 38, Launching UAV 4, UAV Launch 
1, Truck, Truck is stationary with UAV(s) on board, 15420.318647, 38, 15480.318647, 38, Launching UAV 3, UAV Launch 
1, Truck, Truck is stationary with UAV(s) on board, 15480.318647, 38, 15540.318647, 38, Launching UAV 2, UAV Launch 
1, Truck, Truck travels with no UAVs on board, 15540.318647, 38, 15731.173253, 94, Travel from node 38 to node 94, Traveling 
1, Truck, Truck is stationary with no UAVs on board, 15731.173253, 94, 15761.173253, 94, Dropping off package to Customer 94, Making Delivery 
1, Truck, Truck is stationary with no UAVs on board, 15761.173253, 94, 15791.173253, 94, Retrieving UAV 4, UAV Recovery 
1, Truck, Truck travels with UAV(s) on board, 15791.173253, 94, 15843.476243, 46, Travel from node 94 to node 46, Traveling 
1, Truck, Truck is stationary with UAV(s) on board, 15843.476243, 46, 15873.476243, 46, Retrieving UAV 3, UAV Recovery 
1, Truck, Truck is stationary with UAV(s) on board, 15873.476243, 46, 15903.476243, 46, Dropping off package to Customer 46, Making Delivery 
1, Truck, Truck is stationary with UAV(s) on board, 15903.476243, 46, 15933.476243, 46, Retrieving UAV 2, UAV Recovery 
1, Truck, Truck travels with UAV(s) on board, 15933.476243, 46, 16022.686411, 72, Travel from node 46 to node 72, Traveling 
1, Truck, Truck is stationary with UAV(s) on board, 16022.686411, 72, 16052.686411, 72, Dropping off package to Customer 72, Making Delivery 
1, Truck, Truck is stationary with UAV(s) on board, 16052.686411, 72, 16112.686411, 72, Launching UAV 3, UAV Launch 
1, Truck, Truck is stationary with UAV(s) on board, 16112.686411, 72, 16172.686411, 72, Launching UAV 4, UAV Launch 
1, Truck, Truck is stationary with UAV(s) on board, 16172.686411, 72, 16232.686411, 72, Launching UAV 2, UAV Launch 
1, Truck, Truck travels with no UAVs on board, 16232.686411, 72, 16651.654143, 92, Travel from node 72 to node 92, Traveling 
1, Truck, Truck is stationary with no UAVs on board, 16651.654143, 92, 16681.654143, 92, Retrieving UAV 2, UAV Recovery 
1, Truck, Truck is stationary with no UAVs on board, 16681.654143, 92, 16711.654143, 92, Retrieving UAV 4, UAV Recovery 
1, Truck, Truck is stationary with no UAVs on board, 16711.654143, 92, 16741.654143, 92, Retrieving UAV 3, UAV Recovery 
1, Truck, Truck is stationary with no UAVs on board, 16741.654143, 92, 16771.654143, 92, Dropping off package to Customer 92, Making Delivery 
1, Truck, Truck travels with UAV(s) on board, 16771.654143, 92, 16836.024381, 68, Travel from node 92 to node 68, Traveling 
1, Truck, Truck is stationary with UAV(s) on board, 16836.024381, 68, 16866.024381, 68, Dropping off package to Customer 68, Making Delivery 
1, Truck, Truck travels with UAV(s) on board, 16866.024381, 68, 16917.641803, 1, Travel from node 68 to node 1, Traveling 
1, Truck, Truck is stationary with UAV(s) on board, 16917.641803, 1, 16977.641803, 1, Launching UAV 2, UAV Launch 
1, Truck, Truck is stationary with UAV(s) on board, 16977.641803, 1, 17037.641803, 1, Launching UAV 3, UAV Launch 
1, Truck, Truck is stationary with UAV(s) on board, 17037.641803, 1, 17097.641803, 1, Launching UAV 4, UAV Launch 
1, Truck, Truck is stationary with UAV(s) on board, 17097.641803, 1, 17127.641803, 1, Dropping off package to Customer 1, Making Delivery 
1, Truck, Truck travels with no UAVs on board, 17127.641803, 1, 17396.617182, 47, Travel from node 1 to node 47, Traveling 
1, Truck, Truck is stationary with no UAVs on board, 17396.617182, 47, 17426.617182, 47, Dropping off package to Customer 47, Making Delivery 
1, Truck, Truck is stationary with no UAVs on board, 17426.617182, 47, 17456.617182, 47, Retrieving UAV 3, UAV Recovery 
1, Truck, Truck is stationary with no UAVs on board, 17456.617182, 47, 17486.617182, 47, Retrieving UAV 2, UAV Recovery 
1, Truck, Truck is stationary with no UAVs on board, 17486.617182, 47, 17516.617182, 47, Retrieving UAV 4, UAV Recovery 
1, Truck, Truck is stationary with no UAVs on board, 17516.617181, 47, 17576.617181, 47, Launching UAV 2, UAV Launch 
1, Truck, Truck is stationary with no UAVs on board, 17576.617181, 47, 17636.617181, 47, Launching UAV 3, UAV Launch 
1, Truck, Truck is stationary with no UAVs on board, 17636.617181, 47, 17696.617181, 47, Launching UAV 4, UAV Launch 
1, Truck, Truck travels with no UAVs on board, 17696.617181, 47, 18111.701986, 101, Travel from node 47 to node 101, Traveling 
1, Truck, Truck is stationary with no UAVs on board, 18111.701986, 101, 18141.701986, 101, Retrieving UAV 2, UAV Recovery 
1, Truck, Truck is stationary with no UAVs on board, 18141.701986, 101, 18171.701986, 101, Retrieving UAV 3, UAV Recovery 
1, Truck, Truck is stationary with no UAVs on board, 18171.701986, 101, 18201.701986, 101, Retrieving UAV 4, UAV Recovery 
1, Truck, Truck is stationary with no UAVs on board, 18201.701986, 101, -1.000000, 101, At the Depot.  Total Time = 5:03:21, Vehicle Tasks Complete 
2, UAV, UAV is stationary with a parcel, 111.153749, 34, 171.153749, 34, Prepare to launch from truck, UAV Launch 
2, UAV, UAV taking off or landing with a parcel, 171.153749, 34, 174.849372, 34, Takeoff from truck at Customer 34, Traveling 
2, UAV, UAV travels with parcel, 174.849372, 34, 341.072982, 50, Fly to UAV customer 50, Traveling 
2, UAV, UAV taking off or landing with a parcel, 341.072982, 50, 347.464229, 50, Land at UAV customer 50, Traveling 
2, UAV, UAV is stationary with a parcel, 347.464229, 50, 407.464229, 50, Serving UAV customer 50, Making Delivery 
2, UAV, UAV taking off or landing with no parcels, 407.464229, 50, 411.159852, 50, Takeoff from UAV customer 50, Traveling 
2, UAV, UAV travels empty, 411.159852, 50, 531.534416, 84, Fly to truck at customer 84, Traveling 
2, UAV, UAV is stationary without a parcel, 531.534416, 84, 554.631272, 84, Idle above rendezvous location (customer 84), Idle 
2, UAV, UAV taking off or landing with no parcels, 554.631272, 84, 561.022519, 84, Land at truck rendezvous location (customer 84), Traveling 
2, UAV, UAV is stationary without a parcel, 561.022519, 84, 591.022519, 84, Recovered by truck at customer 84, UAV Recovery 
2, UAV, UAV is stationary with a parcel, 591.022519, 84, 651.022519, 84, Prepare to launch from truck, UAV Launch 
2, UAV, UAV taking off or landing with a parcel, 651.022519, 84, 654.718142, 84, Takeoff from truck at Customer 84, Traveling 
2, UAV, UAV travels with parcel, 654.718142, 84, 773.605048, 48, Fly to UAV customer 48, Traveling 
2, UAV, UAV taking off or landing with a parcel, 773.605048, 48, 779.996294, 48, Land at UAV customer 48, Traveling 
2, UAV, UAV is stationary with a parcel, 779.996294, 48, 839.996294, 48, Serving UAV customer 48, Making Delivery 
2, UAV, UAV taking off or landing with no parcels, 839.996294, 48, 843.691918, 48, Takeoff from UAV customer 48, Traveling 
2, UAV, UAV travels empty, 843.691918, 48, 988.268234, 32, Fly to truck at customer 32, Traveling 
2, UAV, UAV is stationary without a parcel, 988.268234, 32, 1229.763631, 32, Idle above rendezvous location (customer 32), Idle 
2, UAV, UAV taking off or landing with no parcels, 1229.763631, 32, 1236.154878, 32, Land at truck rendezvous location (customer 32), Traveling 
2, UAV, UAV is stationary without a parcel, 1236.154878, 32, 1266.154878, 32, Recovered by truck at customer 32, UAV Recovery 
2, UAV, UAV is stationary with a parcel, 2393.884449, 77, 2453.884449, 77, Prepare to launch from truck, UAV Launch 
2, UAV, UAV taking off or landing with a parcel, 2453.884449, 77, 2457.580072, 77, Takeoff from truck at Customer 77, Traveling 
2, UAV, UAV travels with parcel, 2457.580072, 77, 2508.198166, 14, Fly to UAV customer 14, Traveling 
2, UAV, UAV taking off or landing with a parcel, 2508.198166, 14, 2514.589412, 14, Land at UAV customer 14, Traveling 
2, UAV, UAV is stationary with a parcel, 2514.589412, 14, 2574.589412, 14, Serving UAV customer 14, Making Delivery 
2, UAV, UAV taking off or landing with no parcels, 2574.589412, 14, 2578.285035, 14, Takeoff from UAV customer 14, Traveling 
2, UAV, UAV travels empty, 2578.285035, 14, 2800.464964, 55, Fly to truck at customer 55, Traveling 
2, UAV, UAV is stationary without a parcel, 2800.464964, 55, 3063.677439, 55, Idle above rendezvous location (customer 55), Idle 
2, UAV, UAV taking off or landing with no parcels, 3063.677439, 55, 3070.068686, 55, Land at truck rendezvous location (customer 55), Traveling 
2, UAV, UAV is stationary without a parcel, 3070.068686, 55, 3100.068686, 55, Recovered by truck at customer 55, UAV Recovery 
2, UAV, UAV is stationary with a parcel, 4016.550353, 44, 4076.550353, 44, Prepare to launch from truck, UAV Launch 
2, UAV, UAV taking off or landing with a parcel, 4076.550353, 44, 4080.245976, 44, Takeoff from truck at Customer 44, Traveling 
2, UAV, UAV travels with parcel, 4080.245976, 44, 4170.776774, 79, Fly to UAV customer 79, Traveling 
2, UAV, UAV taking off or landing with a parcel, 4170.776774, 79, 4177.168020, 79, Land at UAV customer 79, Traveling 
2, UAV, UAV is stationary with a parcel, 4177.168020, 79, 4237.168020, 79, Serving UAV customer 79, Making Delivery 
2, UAV, UAV taking off or landing with no parcels, 4237.168020, 79, 4240.863644, 79, Takeoff from UAV customer 79, Traveling 
2, UAV, UAV travels empty, 4240.863644, 79, 4391.952893, 95, Fly to truck at customer 95, Traveling 
2, UAV, UAV is stationary without a parcel, 4391.952893, 95, 4589.235022, 95, Idle above rendezvous location (customer 95), Idle 
2, UAV, UAV taking off or landing with no parcels, 4589.235022, 95, 4595.626269, 95, Land at truck rendezvous location (customer 95), Traveling 
2, UAV, UAV is stationary without a parcel, 4595.626269, 95, 4625.626269, 95, Recovered by truck at customer 95, UAV Recovery 
2, UAV, UAV is stationary with a parcel, 4625.626269, 95, 4685.626269, 95, Prepare to launch from truck, UAV Launch 
2, UAV, UAV taking off or landing with a parcel, 4685.626269, 95, 4689.321892, 95, Takeoff from truck at Customer 95, Traveling 
2, UAV, UAV travels with parcel, 4689.321892, 95, 4835.774845, 9, Fly to UAV customer 9, Traveling 
2, UAV, UAV taking off or landing with a parcel, 4835.774845, 9, 4842.166091, 9, Land at UAV customer 9, Traveling 
2, UAV, UAV is stationary with a parcel, 4842.166091, 9, 4902.166091, 9, Serving UAV customer 9, Making Delivery 
2, UAV, UAV taking off or landing with no parcels, 4902.166091, 9, 4905.861715, 9, Takeoff from UAV customer 9, Traveling 
2, UAV, UAV travels empty, 4905.861715, 9, 5037.804720, 81, Fly to truck at customer 81, Traveling 
2, UAV, UAV taking off or landing with no parcels, 5037.804720, 81, 5044.195967, 81, Land at truck rendezvous location (customer 81), Traveling 
2, UAV, UAV is stationary without a parcel, 5044.195967, 81, 5074.195967, 81, Recovered by truck at customer 81, UAV Recovery 
2, UAV, UAV is stationary with a parcel, 6038.050128, 35, 6098.050128, 35, Prepare to launch from truck, UAV Launch 
2, UAV, UAV taking off or landing with a parcel, 6098.050128, 35, 6101.745752, 35, Takeoff from truck at Customer 35, Traveling 
2, UAV, UAV travels with parcel, 6101.745752, 35, 6172.792331, 21, Fly to UAV customer 21, Traveling 
2, UAV, UAV taking off or landing with a parcel, 6172.792331, 21, 6179.183578, 21, Land at UAV customer 21, Traveling 
2, UAV, UAV is stationary with a parcel, 6179.183578, 21, 6239.183578, 21, Serving UAV customer 21, Making Delivery 
2, UAV, UAV taking off or landing with no parcels, 6239.183578, 21, 6242.879201, 21, Takeoff from UAV customer 21, Traveling 
2, UAV, UAV travels empty, 6242.879201, 21, 6417.119256, 11, Fly to truck at customer 11, Traveling 
2, UAV, UAV is stationary without a parcel, 6417.119256, 11, 6818.155181, 11, Idle above rendezvous location (customer 11), Idle 
2, UAV, UAV taking off or landing with no parcels, 6818.155181, 11, 6824.546427, 11, Land at truck rendezvous location (customer 11), Traveling 
2, UAV, UAV is stationary without a parcel, 6824.546427, 11, 6854.546427, 11, Recovered by truck at customer 11, UAV Recovery 
2, UAV, UAV is stationary with a parcel, 6914.546427, 11, 6974.546427, 11, Prepare to launch from truck, UAV Launch 
2, UAV, UAV taking off or landing with a parcel, 6974.546427, 11, 6978.242051, 11, Takeoff from truck at Customer 11, Traveling 
2, UAV, UAV travels with parcel, 6978.242051, 11, 7063.126620, 12, Fly to UAV customer 12, Traveling 
2, UAV, UAV taking off or landing with a parcel, 7063.126620, 12, 7069.517867, 12, Land at UAV customer 12, Traveling 
2, UAV, UAV is stationary with a parcel, 7069.517867, 12, 7129.517867, 12, Serving UAV customer 12, Making Delivery 
2, UAV, UAV taking off or landing with no parcels, 7129.517867, 12, 7133.213490, 12, Takeoff from UAV customer 12, Traveling 
2, UAV, UAV travels empty, 7133.213490, 12, 7167.325711, 82, Fly to truck at customer 82, Traveling 
2, UAV, UAV is stationary without a parcel, 7167.325711, 82, 7291.805342, 82, Idle above rendezvous location (customer 82), Idle 
2, UAV, UAV taking off or landing with no parcels, 7291.805342, 82, 7298.196588, 82, Land at truck rendezvous location (customer 82), Traveling 
2, UAV, UAV is stationary without a parcel, 7298.196588, 82, 7328.196588, 82, Recovered by truck at customer 82, UAV Recovery 
2, UAV, UAV is stationary with a parcel, 7418.196588, 82, 7478.196588, 82, Prepare to launch from truck, UAV Launch 
2, UAV, UAV taking off or landing with a parcel, 7478.196588, 82, 7481.892212, 82, Takeoff from truck at Customer 82, Traveling 
2, UAV, UAV travels with parcel, 7481.892212, 82, 7659.241918, 66, Fly to UAV customer 66, Traveling 
2, UAV, UAV taking off or landing with a parcel, 7659.241918, 66, 7665.633164, 66, Land at UAV customer 66, Traveling 
2, UAV, UAV is stationary with a parcel, 7665.633164, 66, 7725.633164, 66, Serving UAV customer 66, Making Delivery 
2, UAV, UAV taking off or landing with no parcels, 7725.633164, 66, 7729.328788, 66, Takeoff from UAV customer 66, Traveling 
2, UAV, UAV travels empty, 7729.328788, 66, 7814.335621, 23, Fly to truck at customer 23, Traveling 
2, UAV, UAV is stationary without a parcel, 7814.335621, 23, 8229.403476, 23, Idle above rendezvous location (customer 23), Idle 
2, UAV, UAV taking off or landing with no parcels, 8229.403476, 23, 8235.794722, 23, Land at truck rendezvous location (customer 23), Traveling 
2, UAV, UAV is stationary without a parcel, 8235.794722, 23, 8265.794722, 23, Recovered by truck at customer 23, UAV Recovery 
2, UAV, UAV is stationary with a parcel, 8347.802556, 20, 8407.802556, 20, Prepare to launch from truck, UAV Launch 
2, UAV, UAV taking off or landing with a parcel, 8407.802556, 20, 8411.498180, 20, Takeoff from truck at Customer 20, Traveling 
2, UAV, UAV travels with parcel, 8411.498180, 20, 8543.295904, 37, Fly to UAV customer 37, Traveling 
2, UAV, UAV taking off or landing with a parcel, 8543.295904, 37, 8549.687151, 37, Land at UAV customer 37, Traveling 
2, UAV, UAV is stationary with a parcel, 8549.687151, 37, 8609.687151, 37, Serving UAV customer 37, Making Delivery 
2, UAV, UAV taking off or landing with no parcels, 8609.687151, 37, 8613.382774, 37, Takeoff from UAV customer 37, Traveling 
2, UAV, UAV travels empty, 8613.382774, 37, 8715.456375, 53, Fly to truck at customer 53, Traveling 
2, UAV, UAV taking off or landing with no parcels, 8715.456375, 53, 8721.847622, 53, Land at truck rendezvous location (customer 53), Traveling 
2, UAV, UAV is stationary without a parcel, 8721.847622, 53, 8751.847622, 53, Recovered by truck at customer 53, UAV Recovery 
2, UAV, UAV is stationary with a parcel, 8751.847622, 53, 8811.847622, 53, Prepare to launch from truck, UAV Launch 
2, UAV, UAV taking off or landing with a parcel, 8811.847622, 53, 8815.543245, 53, Takeoff from truck at Customer 53, Traveling 
2, UAV, UAV travels with parcel, 8815.543245, 53, 8922.598279, 4, Fly to UAV customer 4, Traveling 
2, UAV, UAV taking off or landing with a parcel, 8922.598279, 4, 8928.989525, 4, Land at UAV customer 4, Traveling 
2, UAV, UAV is stationary with a parcel, 8928.989525, 4, 8988.989525, 4, Serving UAV customer 4, Making Delivery 
2, UAV, UAV taking off or landing with no parcels, 8988.989525, 4, 8992.685149, 4, Takeoff from UAV customer 4, Traveling 
2, UAV, UAV travels empty, 8992.685149, 4, 9087.128394, 13, Fly to truck at customer 13, Traveling 
2, UAV, UAV is stationary without a parcel, 9087.128394, 13, 9113.724609, 13, Idle above rendezvous location (customer 13), Idle 
2, UAV, UAV taking off or landing with no parcels, 9113.724609, 13, 9120.115856, 13, Land at truck rendezvous location (customer 13), Traveling 
2, UAV, UAV is stationary without a parcel, 9120.115856, 13, 9150.115856, 13, Recovered by truck at customer 13, UAV Recovery 
2, UAV, UAV is stationary with a parcel, 9240.115856, 13, 9300.115856, 13, Prepare to launch from truck, UAV Launch 
2, UAV, UAV taking off or landing with a parcel, 9300.115856, 13, 9303.811479, 13, Takeoff from truck at Customer 13, Traveling 
2, UAV, UAV travels with parcel, 9303.811479, 13, 9433.424344, 41, Fly to UAV customer 41, Traveling 
2, UAV, UAV taking off or landing with a parcel, 9433.424344, 41, 9439.815591, 41, Land at UAV customer 41, Traveling 
2, UAV, UAV is stationary with a parcel, 9439.815591, 41, 9499.815591, 41, Serving UAV customer 41, Making Delivery 
2, UAV, UAV taking off or landing with no parcels, 9499.815591, 41, 9503.511214, 41, Takeoff from UAV customer 41, Traveling 
2, UAV, UAV travels empty, 9503.511214, 41, 9640.409200, 52, Fly to truck at customer 52, Traveling 
2, UAV, UAV is stationary without a parcel, 9640.409200, 52, 9700.926381, 52, Idle above rendezvous location (customer 52), Idle 
2, UAV, UAV taking off or landing with no parcels, 9700.926381, 52, 9707.317628, 52, Land at truck rendezvous location (customer 52), Traveling 
2, UAV, UAV is stationary without a parcel, 9707.317628, 52, 9737.317628, 52, Recovered by truck at customer 52, UAV Recovery 
2, UAV, UAV is stationary with a parcel, 9737.317628, 52, 9797.317628, 52, Prepare to launch from truck, UAV Launch 
2, UAV, UAV taking off or landing with a parcel, 9797.317628, 52, 9801.013251, 52, Takeoff from truck at Customer 52, Traveling 
2, UAV, UAV travels with parcel, 9801.013251, 52, 9890.202979, 61, Fly to UAV customer 61, Traveling 
2, UAV, UAV taking off or landing with a parcel, 9890.202979, 61, 9896.594226, 61, Land at UAV customer 61, Traveling 
2, UAV, UAV is stationary with a parcel, 9896.594226, 61, 9956.594226, 61, Serving UAV customer 61, Making Delivery 
2, UAV, UAV taking off or landing with no parcels, 9956.594226, 61, 9960.289849, 61, Takeoff from UAV customer 61, Traveling 
2, UAV, UAV travels empty, 9960.289849, 61, 10047.059595, 7, Fly to truck at customer 7, Traveling 
2, UAV, UAV is stationary without a parcel, 10047.059595, 7, 10083.817197, 7, Idle above rendezvous location (customer 7), Idle 
2, UAV, UAV taking off or landing with no parcels, 10083.817197, 7, 10090.208444, 7, Land at truck rendezvous location (customer 7), Traveling 
2, UAV, UAV is stationary without a parcel, 10090.208444, 7, 10120.208444, 7, Recovered by truck at customer 7, UAV Recovery 
2, UAV, UAV is stationary with a parcel, 10180.208444, 7, 10240.208444, 7, Prepare to launch from truck, UAV Launch 
2, UAV, UAV taking off or landing with a parcel, 10240.208444, 7, 10243.904067, 7, Takeoff from truck at Customer 7, Traveling 
2, UAV, UAV travels with parcel, 10243.904067, 7, 10350.447252, 3, Fly to UAV customer 3, Traveling 
2, UAV, UAV taking off or landing with a parcel, 10350.447252, 3, 10356.838499, 3, Land at UAV customer 3, Traveling 
2, UAV, UAV is stationary with a parcel, 10356.838499, 3, 10416.838499, 3, Serving UAV customer 3, Making Delivery 
2, UAV, UAV taking off or landing with no parcels, 10416.838499, 3, 10420.534122, 3, Takeoff from UAV customer 3, Traveling 
2, UAV, UAV travels empty, 10420.534122, 3, 10457.743234, 40, Fly to truck at customer 40, Traveling 
2, UAV, UAV is stationary without a parcel, 10457.743234, 40, 10655.036979, 40, Idle above rendezvous location (customer 40), Idle 
2, UAV, UAV taking off or landing with no parcels, 10655.036979, 40, 10661.428226, 40, Land at truck rendezvous location (customer 40), Traveling 
2, UAV, UAV is stationary without a parcel, 10661.428226, 40, 10691.428226, 40, Recovered by truck at customer 40, UAV Recovery 
2, UAV, UAV is stationary with a parcel, 10751.428226, 40, 10811.428226, 40, Prepare to launch from truck, UAV Launch 
2, UAV, UAV taking off or landing with a parcel, 10811.428226, 40, 10815.123849, 40, Takeoff from truck at Customer 40, Traveling 
2, UAV, UAV travels with parcel, 10815.123849, 40, 10886.919633, 29, Fly to UAV customer 29, Traveling 
2, UAV, UAV taking off or landing with a parcel, 10886.919633, 29, 10893.310880, 29, Land at UAV customer 29, Traveling 
2, UAV, UAV is stationary with a parcel, 10893.310880, 29, 10953.310880, 29, Serving UAV customer 29, Making Delivery 
2, UAV, UAV taking off or landing with no parcels, 10953.310880, 29, 10957.006503, 29, Takeoff from UAV customer 29, Traveling 
2, UAV, UAV travels empty, 10957.006503, 29, 11164.197950, 39, Fly to truck at customer 39, Traveling 
2, UAV, UAV is stationary without a parcel, 11164.197950, 39, 11300.212435, 39, Idle above rendezvous location (customer 39), Idle 
2, UAV, UAV taking off or landing with no parcels, 11300.212435, 39, 11306.603682, 39, Land at truck rendezvous location (customer 39), Traveling 
2, UAV, UAV is stationary without a parcel, 11306.603682, 39, 11336.603682, 39, Recovered by truck at customer 39, UAV Recovery 
2, UAV, UAV is stationary with a parcel, 12929.656509, 70, 12989.656509, 70, Prepare to launch from truck, UAV Launch 
2, UAV, UAV taking off or landing with a parcel, 12989.656509, 70, 12993.352132, 70, Takeoff from truck at Customer 70, Traveling 
2, UAV, UAV travels with parcel, 12993.352132, 70, 13206.401971, 87, Fly to UAV customer 87, Traveling 
2, UAV, UAV taking off or landing with a parcel, 13206.401971, 87, 13212.793217, 87, Land at UAV customer 87, Traveling 
2, UAV, UAV is stationary with a parcel, 13212.793217, 87, 13272.793217, 87, Serving UAV customer 87, Making Delivery 
2, UAV, UAV taking off or landing with no parcels, 13272.793217, 87, 13276.488841, 87, Takeoff from UAV customer 87, Traveling 
2, UAV, UAV travels empty, 13276.488841, 87, 13343.420369, 22, Fly to truck at customer 22, Traveling 
2, UAV, UAV is stationary without a parcel, 13343.420369, 22, 13623.225280, 22, Idle above rendezvous location (customer 22), Idle 
2, UAV, UAV taking off or landing with no parcels, 13623.225280, 22, 13629.616527, 22, Land at truck rendezvous location (customer 22), Traveling 
2, UAV, UAV is stationary without a parcel, 13629.616527, 22, 13659.616527, 22, Recovered by truck at customer 22, UAV Recovery 
2, UAV, UAV is stationary with a parcel, 13719.616527, 22, 13779.616527, 22, Prepare to launch from truck, UAV Launch 
2, UAV, UAV taking off or landing with a parcel, 13779.616527, 22, 13783.312150, 22, Takeoff from truck at Customer 22, Traveling 
2, UAV, UAV travels with parcel, 13783.312150, 22, 13837.020121, 33, Fly to UAV customer 33, Traveling 
2, UAV, UAV taking off or landing with a parcel, 13837.020121, 33, 13843.411368, 33, Land at UAV customer 33, Traveling 
2, UAV, UAV is stationary with a parcel, 13843.411368, 33, 13903.411368, 33, Serving UAV customer 33, Making Delivery 
2, UAV, UAV taking off or landing with no parcels, 13903.411368, 33, 13907.106991, 33, Takeoff from UAV customer 33, Traveling 
2, UAV, UAV travels empty, 13907.106991, 33, 13950.373579, 56, Fly to truck at customer 56, Traveling 
2, UAV, UAV is stationary without a parcel, 13950.373579, 56, 14058.966042, 56, Idle above rendezvous location (customer 56), Idle 
2, UAV, UAV taking off or landing with no parcels, 14058.966042, 56, 14065.357289, 56, Land at truck rendezvous location (customer 56), Traveling 
2, UAV, UAV is stationary without a parcel, 14065.357289, 56, 14095.357289, 56, Recovered by truck at customer 56, UAV Recovery 
2, UAV, UAV is stationary with a parcel, 14095.357289, 56, 14155.357289, 56, Prepare to launch from truck, UAV Launch 
2, UAV, UAV taking off or landing with a parcel, 14155.357289, 56, 14159.052912, 56, Takeoff from truck at Customer 56, Traveling 
2, UAV, UAV travels with parcel, 14159.052912, 56, 14284.453386, 5, Fly to UAV customer 5, Traveling 
2, UAV, UAV taking off or landing with a parcel, 14284.453386, 5, 14290.844633, 5, Land at UAV customer 5, Traveling 
2, UAV, UAV is stationary with a parcel, 14290.844633, 5, 14350.844633, 5, Serving UAV customer 5, Making Delivery 
2, UAV, UAV taking off or landing with no parcels, 14350.844633, 5, 14354.540256, 5, Takeoff from UAV customer 5, Traveling 
2, UAV, UAV travels empty, 14354.540256, 5, 14542.043674, 62, Fly to truck at customer 62, Traveling 
2, UAV, UAV taking off or landing with no parcels, 14542.043674, 62, 14548.434920, 62, Land at truck rendezvous location (customer 62), Traveling 
2, UAV, UAV is stationary without a parcel, 14548.434920, 62, 14578.434920, 62, Recovered by truck at customer 62, UAV Recovery 
2, UAV, UAV is stationary with a parcel, 14608.434920, 62, 14668.434920, 62, Prepare to launch from truck, UAV Launch 
2, UAV, UAV taking off or landing with a parcel, 14668.434920, 62, 14672.130544, 62, Takeoff from truck at Customer 62, Traveling 
2, UAV, UAV travels with parcel, 14672.130544, 62, 14744.930721, 36, Fly to UAV customer 36, Traveling 
2, UAV, UAV taking off or landing with a parcel, 14744.930721, 36, 14751.321967, 36, Land at UAV customer 36, Traveling 
2, UAV, UAV is stationary with a parcel, 14751.321967, 36, 14811.321967, 36, Serving UAV customer 36, Making Delivery 
2, UAV, UAV taking off or landing with no parcels, 14811.321967, 36, 14815.017591, 36, Takeoff from UAV customer 36, Traveling 
2, UAV, UAV travels empty, 14815.017591, 36, 14960.608095, 59, Fly to truck at customer 59, Traveling 
2, UAV, UAV is stationary without a parcel, 14960.608095, 59, 15009.727632, 59, Idle above rendezvous location (customer 59), Idle 
2, UAV, UAV taking off or landing with no parcels, 15009.727632, 59, 15016.118878, 59, Land at truck rendezvous location (customer 59), Traveling 
2, UAV, UAV is stationary without a parcel, 15016.118878, 59, 15046.118878, 59, Recovered by truck at customer 59, UAV Recovery 
2, UAV, UAV is stationary with a parcel, 15076.118878, 59, 15136.118878, 59, Prepare to launch from truck, UAV Launch 
2, UAV, UAV taking off or landing with a parcel, 15136.118878, 59, 15139.814502, 59, Takeoff from truck at Customer 59, Traveling 
2, UAV, UAV travels with parcel, 15139.814502, 59, 15194.431657, 30, Fly to UAV customer 30, Traveling 
2, UAV, UAV taking off or landing with a parcel, 15194.431657, 30, 15200.822904, 30, Land at UAV customer 30, Traveling 
2, UAV, UAV is stationary with a parcel, 15200.822904, 30, 15260.822904, 30, Serving UAV customer 30, Making Delivery 
2, UAV, UAV taking off or landing with no parcels, 15260.822904, 30, 15264.518527, 30, Takeoff from UAV customer 30, Traveling 
2, UAV, UAV travels empty, 15264.518527, 30, 15297.588829, 38, Fly to truck at customer 38, Traveling 
2, UAV, UAV is stationary without a parcel, 15297.588829, 38, 15323.927401, 38, Idle above rendezvous location (customer 38), Idle 
2, UAV, UAV taking off or landing with no parcels, 15323.927401, 38, 15330.318647, 38, Land at truck rendezvous location (customer 38), Traveling 
2, UAV, UAV is stationary without a parcel, 15330.318647, 38, 15360.318647, 38, Recovered by truck at customer 38, UAV Recovery 
2, UAV, UAV is stationary with a parcel, 15480.318647, 38, 15540.318647, 38, Prepare to launch from truck, UAV Launch 
2, UAV, UAV taking off or landing with a parcel, 15540.318647, 38, 15544.014271, 38, Takeoff from truck at Customer 38, Traveling 
2, UAV, UAV travels with parcel, 15544.014271, 38, 15672.275655, 73, Fly to UAV customer 73, Traveling 
2, UAV, UAV taking off or landing with a parcel, 15672.275655, 73, 15678.666902, 73, Land at UAV customer 73, Traveling 
2, UAV, UAV is stationary with a parcel, 15678.666902, 73, 15738.666902, 73, Serving UAV customer 73, Making Delivery 
2, UAV, UAV taking off or landing with no parcels, 15738.666902, 73, 15742.362525, 73, Takeoff from UAV customer 73, Traveling 
2, UAV, UAV travels empty, 15742.362525, 73, 15855.720350, 46, Fly to truck at customer 46, Traveling 
2, UAV, UAV is stationary without a parcel, 15855.720350, 46, 15897.084997, 46, Idle above rendezvous location (customer 46), Idle 
2, UAV, UAV taking off or landing with no parcels, 15897.084997, 46, 15903.476243, 46, Land at truck rendezvous location (customer 46), Traveling 
2, UAV, UAV is stationary without a parcel, 15903.476243, 46, 15933.476243, 46, Recovered by truck at customer 46, UAV Recovery 
2, UAV, UAV is stationary with a parcel, 16172.686411, 72, 16232.686411, 72, Prepare to launch from truck, UAV Launch 
2, UAV, UAV taking off or landing with a parcel, 16232.686411, 72, 16236.382035, 72, Takeoff from truck at Customer 72, Traveling 
2, UAV, UAV travels with parcel, 16236.382035, 72, 16280.729074, 67, Fly to UAV customer 67, Traveling 
2, UAV, UAV taking off or landing with a parcel, 16280.729074, 67, 16287.120320, 67, Land at UAV customer 67, Traveling 
2, UAV, UAV is stationary with a parcel, 16287.120320, 67, 16347.120320, 67, Serving UAV customer 67, Making Delivery 
2, UAV, UAV taking off or landing with no parcels, 16347.120320, 67, 16350.815943, 67, Takeoff from UAV customer 67, Traveling 
2, UAV, UAV travels empty, 16350.815943, 67, 16534.037801, 92, Fly to truck at customer 92, Traveling 
2, UAV, UAV is stationary without a parcel, 16534.037801, 92, 16645.262897, 92, Idle above rendezvous location (customer 92), Idle 
2, UAV, UAV taking off or landing with no parcels, 16645.262897, 92, 16651.654143, 92, Land at truck rendezvous location (customer 92), Traveling 
2, UAV, UAV is stationary without a parcel, 16651.654143, 92, 16681.654143, 92, Recovered by truck at customer 92, UAV Recovery 
2, UAV, UAV is stationary with a parcel, 16917.641803, 1, 16977.641803, 1, Prepare to launch from truck, UAV Launch 
2, UAV, UAV taking off or landing with a parcel, 16977.641803, 1, 16981.337427, 1, Takeoff from truck at Customer 1, Traveling 
2, UAV, UAV travels with parcel, 16981.337427, 1, 17099.552148, 49, Fly to UAV customer 49, Traveling 
2, UAV, UAV taking off or landing with a parcel, 17099.552148, 49, 17105.943395, 49, Land at UAV customer 49, Traveling 
2, UAV, UAV is stationary with a parcel, 17105.943395, 49, 17165.943395, 49, Serving UAV customer 49, Making Delivery 
2, UAV, UAV taking off or landing with no parcels, 17165.943395, 49, 17169.639018, 49, Takeoff from UAV customer 49, Traveling 
2, UAV, UAV travels empty, 17169.639018, 49, 17301.158170, 47, Fly to truck at customer 47, Traveling 
2, UAV, UAV is stationary without a parcel, 17301.158170, 47, 17450.225936, 47, Idle above rendezvous location (customer 47), Idle 
2, UAV, UAV taking off or landing with no parcels, 17450.225936, 47, 17456.617182, 47, Land at truck rendezvous location (customer 47), Traveling 
2, UAV, UAV is stationary without a parcel, 17456.617182, 47, 17486.617182, 47, Recovered by truck at customer 47, UAV Recovery 
2, UAV, UAV is stationary with a parcel, 17516.617181, 47, 17576.617181, 47, Prepare to launch from truck, UAV Launch 
2, UAV, UAV taking off or landing with a parcel, 17576.617181, 47, 17580.312804, 47, Takeoff from truck at Customer 47, Traveling 
2, UAV, UAV travels with parcel, 17580.312804, 47, 17693.684029, 17, Fly to UAV customer 17, Traveling 
2, UAV, UAV taking off or landing with a parcel, 17693.684029, 17, 17700.075276, 17, Land at UAV customer 17, Traveling 
2, UAV, UAV is stationary with a parcel, 17700.075276, 17, 17760.075276, 17, Serving UAV customer 17, Making Delivery 
2, UAV, UAV taking off or landing with no parcels, 17760.075276, 17, 17763.770899, 17, Takeoff from UAV customer 17, Traveling 
2, UAV, UAV travels empty, 17763.770899, 17, 17933.300424, 101, Fly to depot, Traveling 
2, UAV, UAV is stationary without a parcel, 17933.300424, 101, 18105.310739, 101, Idle above depot location, Idle 
2, UAV, UAV taking off or landing with no parcels, 18105.310739, 101, 18111.701986, 101, Land at depot, Traveling 
2, UAV, UAV is stationary without a parcel, 18111.701986, 101, 18141.701986, 101, Recovered at depot, UAV Recovery 
3, UAV, UAV is stationary with a parcel, 51.153749, 34, 111.153749, 34, Prepare to launch from truck, UAV Launch 
3, UAV, UAV taking off or landing with a parcel, 111.153749, 34, 114.849372, 34, Takeoff from truck at Customer 34, Traveling 
3, UAV, UAV travels with parcel, 114.849372, 34, 276.240644, 58, Fly to UAV customer 58, Traveling 
3, UAV, UAV taking off or landing with a parcel, 276.240644, 58, 282.631891, 58, Land at UAV customer 58, Traveling 
3, UAV, UAV is stationary with a parcel, 282.631891, 58, 342.631891, 58, Serving UAV customer 58, Making Delivery 
3, UAV, UAV taking off or landing with no parcels, 342.631891, 58, 346.327514, 58, Takeoff from UAV customer 58, Traveling 
3, UAV, UAV travels empty, 346.327514, 58, 464.631272, 84, Fly to truck at customer 84, Traveling 
3, UAV, UAV taking off or landing with no parcels, 464.631272, 84, 471.022519, 84, Land at truck rendezvous location (customer 84), Traveling 
3, UAV, UAV is stationary without a parcel, 471.022519, 84, 501.022519, 84, Recovered by truck at customer 84, UAV Recovery 
3, UAV, UAV is stationary with a parcel, 501.022519, 84, 561.022519, 84, Prepare to launch from truck, UAV Launch 
3, UAV, UAV taking off or landing with a parcel, 561.022519, 84, 564.718142, 84, Takeoff from truck at Customer 84, Traveling 
3, UAV, UAV travels with parcel, 564.718142, 84, 702.363655, 63, Fly to UAV customer 63, Traveling 
3, UAV, UAV taking off or landing with a parcel, 702.363655, 63, 708.754902, 63, Land at UAV customer 63, Traveling 
3, UAV, UAV is stationary with a parcel, 708.754902, 63, 768.754902, 63, Serving UAV customer 63, Making Delivery 
3, UAV, UAV taking off or landing with no parcels, 768.754902, 63, 772.450525, 63, Takeoff from UAV customer 63, Traveling 
3, UAV, UAV travels empty, 772.450525, 63, 824.215622, 10, Fly to truck at customer 10, Traveling 
3, UAV, UAV is stationary without a parcel, 824.215622, 10, 1574.489608, 10, Idle above rendezvous location (customer 10), Idle 
3, UAV, UAV taking off or landing with no parcels, 1574.489608, 10, 1580.880855, 10, Land at truck rendezvous location (customer 10), Traveling 
3, UAV, UAV is stationary without a parcel, 1580.880855, 10, 1610.880855, 10, Recovered by truck at customer 10, UAV Recovery 
3, UAV, UAV is stationary with a parcel, 3956.550353, 44, 4016.550353, 44, Prepare to launch from truck, UAV Launch 
3, UAV, UAV taking off or landing with a parcel, 4016.550353, 44, 4020.245976, 44, Takeoff from truck at Customer 44, Traveling 
3, UAV, UAV travels with parcel, 4020.245976, 44, 4085.865497, 83, Fly to UAV customer 83, Traveling 
3, UAV, UAV taking off or landing with a parcel, 4085.865497, 83, 4092.256743, 83, Land at UAV customer 83, Traveling 
3, UAV, UAV is stationary with a parcel, 4092.256743, 83, 4152.256743, 83, Serving UAV customer 83, Making Delivery 
3, UAV, UAV taking off or landing with no parcels, 4152.256743, 83, 4155.952367, 83, Takeoff from UAV customer 83, Traveling 
3, UAV, UAV travels empty, 4155.952367, 83, 4270.007602, 95, Fly to truck at customer 95, Traveling 
3, UAV, UAV is stationary without a parcel, 4270.007602, 95, 4559.235022, 95, Idle above rendezvous location (customer 95), Idle 
3, UAV, UAV taking off or landing with no parcels, 4559.235022, 95, 4565.626269, 95, Land at truck rendezvous location (customer 95), Traveling 
3, UAV, UAV is stationary without a parcel, 4565.626269, 95, 4595.626269, 95, Recovered by truck at customer 95, UAV Recovery 
3, UAV, UAV is stationary with a parcel, 4685.626269, 95, 4745.626269, 95, Prepare to launch from truck, UAV Launch 
3, UAV, UAV taking off or landing with a parcel, 4745.626269, 95, 4749.321892, 95, Takeoff from truck at Customer 95, Traveling 
3, UAV, UAV travels with parcel, 4749.321892, 95, 4903.285352, 75, Fly to UAV customer 75, Traveling 
3, UAV, UAV taking off or landing with a parcel, 4903.285352, 75, 4909.676598, 75, Land at UAV customer 75, Traveling 
3, UAV, UAV is stationary with a parcel, 4909.676598, 75, 4969.676598, 75, Serving UAV customer 75, Making Delivery 
3, UAV, UAV taking off or landing with no parcels, 4969.676598, 75, 4973.372221, 75, Takeoff from UAV customer 75, Traveling 
3, UAV, UAV travels empty, 4973.372221, 75, 5113.355670, 81, Fly to truck at customer 81, Traveling 
3, UAV, UAV taking off or landing with no parcels, 5113.355670, 81, 5119.746917, 81, Land at truck rendezvous location (customer 81), Traveling 
3, UAV, UAV is stationary without a parcel, 5119.746917, 81, 5149.746917, 81, Recovered by truck at customer 81, UAV Recovery 
3, UAV, UAV is stationary with a parcel, 6854.546427, 11, 6914.546427, 11, Prepare to launch from truck, UAV Launch 
3, UAV, UAV taking off or landing with a parcel, 6914.546427, 11, 6918.242051, 11, Takeoff from truck at Customer 11, Traveling 
3, UAV, UAV travels with parcel, 6918.242051, 11, 7068.691152, 88, Fly to UAV customer 88, Traveling 
3, UAV, UAV taking off or landing with a parcel, 7068.691152, 88, 7075.082398, 88, Land at UAV customer 88, Traveling 
3, UAV, UAV is stationary with a parcel, 7075.082398, 88, 7135.082398, 88, Serving UAV customer 88, Making Delivery 
3, UAV, UAV taking off or landing with no parcels, 7135.082398, 88, 7138.778021, 88, Takeoff from UAV customer 88, Traveling 
3, UAV, UAV travels empty, 7138.778021, 88, 7243.788274, 82, Fly to truck at customer 82, Traveling 
3, UAV, UAV is stationary without a parcel, 7243.788274, 82, 7321.805342, 82, Idle above rendezvous location (customer 82), Idle 
3, UAV, UAV taking off or landing with no parcels, 7321.805342, 82, 7328.196588, 82, Land at truck rendezvous location (customer 82), Traveling 
3, UAV, UAV is stationary without a parcel, 7328.196588, 82, 7358.196588, 82, Recovered by truck at customer 82, UAV Recovery 
3, UAV, UAV is stationary with a parcel, 7358.196588, 82, 7418.196588, 82, Prepare to launch from truck, UAV Launch 
3, UAV, UAV taking off or landing with a parcel, 7418.196588, 82, 7421.892212, 82, Takeoff from truck at Customer 82, Traveling 
3, UAV, UAV travels with parcel, 7421.892212, 82, 7619.859561, 26, Fly to UAV customer 26, Traveling 
3, UAV, UAV taking off or landing with a parcel, 7619.859561, 26, 7626.250807, 26, Land at UAV customer 26, Traveling 
3, UAV, UAV is stationary with a parcel, 7626.250807, 26, 7686.250807, 26, Serving UAV customer 26, Making Delivery 
3, UAV, UAV taking off or landing with no parcels, 7686.250807, 26, 7689.946431, 26, Takeoff from UAV customer 26, Traveling 
3, UAV, UAV travels empty, 7689.946431, 26, 7761.602355, 89, Fly to truck at customer 89, Traveling 
3, UAV, UAV is stationary without a parcel, 7761.602355, 89, 8062.191127, 89, Idle above rendezvous location (customer 89), Idle 
3, UAV, UAV taking off or landing with no parcels, 8062.191127, 89, 8068.582373, 89, Land at truck rendezvous location (customer 89), Traveling 
3, UAV, UAV is stationary without a parcel, 8068.582373, 89, 8098.582373, 89, Recovered by truck at customer 89, UAV Recovery 
3, UAV, UAV is stationary with a parcel, 8565.137174, 53, 8625.137174, 53, Prepare to launch from truck, UAV Launch 
3, UAV, UAV taking off or landing with a parcel, 8625.137174, 53, 8628.832798, 53, Takeoff from truck at Customer 53, Traveling 
3, UAV, UAV travels with parcel, 8628.832798, 53, 8738.698730, 6, Fly to UAV customer 6, Traveling 
3, UAV, UAV taking off or landing with a parcel, 8738.698730, 6, 8745.089977, 6, Land at UAV customer 6, Traveling 
3, UAV, UAV is stationary with a parcel, 8745.089977, 6, 8805.089977, 6, Serving UAV customer 6, Making Delivery 
3, UAV, UAV taking off or landing with no parcels, 8805.089977, 6, 8808.785600, 6, Takeoff from UAV customer 6, Traveling 
3, UAV, UAV travels empty, 8808.785600, 6, 8960.358368, 13, Fly to truck at customer 13, Traveling 
3, UAV, UAV is stationary without a parcel, 8960.358368, 13, 8993.724609, 13, Idle above rendezvous location (customer 13), Idle 
3, UAV, UAV taking off or landing with no parcels, 8993.724609, 13, 9000.115856, 13, Land at truck rendezvous location (customer 13), Traveling 
3, UAV, UAV is stationary without a parcel, 9000.115856, 13, 9030.115856, 13, Recovered by truck at customer 13, UAV Recovery 
3, UAV, UAV is stationary with a parcel, 9060.115856, 13, 9120.115856, 13, Prepare to launch from truck, UAV Launch 
3, UAV, UAV taking off or landing with a parcel, 9120.115856, 13, 9123.811479, 13, Takeoff from truck at Customer 13, Traveling 
3, UAV, UAV travels with parcel, 9123.811479, 13, 9253.541277, 64, Fly to UAV customer 64, Traveling 
3, UAV, UAV taking off or landing with a parcel, 9253.541277, 64, 9259.932524, 64, Land at UAV customer 64, Traveling 
3, UAV, UAV is stationary with a parcel, 9259.932524, 64, 9319.932524, 64, Serving UAV customer 64, Making Delivery 
3, UAV, UAV taking off or landing with no parcels, 9319.932524, 64, 9323.628147, 64, Takeoff from UAV customer 64, Traveling 
3, UAV, UAV travels empty, 9323.628147, 64, 9460.463784, 52, Fly to truck at customer 52, Traveling 
3, UAV, UAV is stationary without a parcel, 9460.463784, 52, 9490.926381, 52, Idle above rendezvous location (customer 52), Idle 
3, UAV, UAV taking off or landing with no parcels, 9490.926381, 52, 9497.317628, 52, Land at truck rendezvous location (customer 52), Traveling 
3, UAV, UAV is stationary without a parcel, 9497.317628, 52, 9527.317628, 52, Recovered by truck at customer 52, UAV Recovery 
3, UAV, UAV is stationary with a parcel, 9527.317628, 52, 9587.317628, 52, Prepare to launch from truck, UAV Launch 
3, UAV, UAV taking off or landing with a parcel, 9587.317628, 52, 9591.013251, 52, Takeoff from truck at Customer 52, Traveling 
3, UAV, UAV travels with parcel, 9591.013251, 52, 9650.760147, 76, Fly to UAV customer 76, Traveling 
3, UAV, UAV taking off or landing with a parcel, 9650.760147, 76, 9657.151394, 76, Land at UAV customer 76, Traveling 
3, UAV, UAV is stationary with a parcel, 9657.151394, 76, 9717.151394, 76, Serving UAV customer 76, Making Delivery 
3, UAV, UAV taking off or landing with no parcels, 9717.151394, 76, 9720.847017, 76, Takeoff from UAV customer 76, Traveling 
3, UAV, UAV travels empty, 9720.847017, 76, 9793.465821, 7, Fly to truck at customer 7, Traveling 
3, UAV, UAV is stationary without a parcel, 9793.465821, 7, 10053.817197, 7, Idle above rendezvous location (customer 7), Idle 
3, UAV, UAV taking off or landing with no parcels, 10053.817197, 7, 10060.208444, 7, Land at truck rendezvous location (customer 7), Traveling 
3, UAV, UAV is stationary without a parcel, 10060.208444, 7, 10090.208444, 7, Recovered by truck at customer 7, UAV Recovery 
3, UAV, UAV is stationary with a parcel, 10240.208444, 7, 10300.208444, 7, Prepare to launch from truck, UAV Launch 
3, UAV, UAV taking off or landing with a parcel, 10300.208444, 7, 10303.904067, 7, Takeoff from truck at Customer 7, Traveling 
3, UAV, UAV travels with parcel, 10303.904067, 7, 10409.527478, 51, Fly to UAV customer 51, Traveling 
3, UAV, UAV taking off or landing with a parcel, 10409.527478, 51, 10415.918724, 51, Land at UAV customer 51, Traveling 
3, UAV, UAV is stationary with a parcel, 10415.918724, 51, 10475.918724, 51, Serving UAV customer 51, Making Delivery 
3, UAV, UAV taking off or landing with no parcels, 10475.918724, 51, 10479.614348, 51, Takeoff from UAV customer 51, Traveling 
3, UAV, UAV travels empty, 10479.614348, 51, 10536.617871, 40, Fly to truck at customer 40, Traveling 
3, UAV, UAV is stationary without a parcel, 10536.617871, 40, 10565.036979, 40, Idle above rendezvous location (customer 40), Idle 
3, UAV, UAV taking off or landing with no parcels, 10565.036979, 40, 10571.428226, 40, Land at truck rendezvous location (customer 40), Traveling 
3, UAV, UAV is stationary without a parcel, 10571.428226, 40, 10601.428226, 40, Recovered by truck at customer 40, UAV Recovery 
3, UAV, UAV is stationary with a parcel, 10691.428226, 40, 10751.428226, 40, Prepare to launch from truck, UAV Launch 
3, UAV, UAV taking off or landing with a parcel, 10751.428226, 40, 10755.123849, 40, Takeoff from truck at Customer 40, Traveling 
3, UAV, UAV travels with parcel, 10755.123849, 40, 10827.111993, 57, Fly to UAV customer 57, Traveling 
3, UAV, UAV taking off or landing with a parcel, 10827.111993, 57, 10833.503240, 57, Land at UAV customer 57, Traveling 
3, UAV, UAV is stationary with a parcel, 10833.503240, 57, 10893.503240, 57, Serving UAV customer 57, Making Delivery 
3, UAV, UAV taking off or landing with no parcels, 10893.503240, 57, 10897.198863, 57, Takeoff from UAV customer 57, Traveling 
3, UAV, UAV travels empty, 10897.198863, 57, 11114.273964, 39, Fly to truck at customer 39, Traveling 
3, UAV, UAV is stationary without a parcel, 11114.273964, 39, 11240.212435, 39, Idle above rendezvous location (customer 39), Idle 
3, UAV, UAV taking off or landing with no parcels, 11240.212435, 39, 11246.603682, 39, Land at truck rendezvous location (customer 39), Traveling 
3, UAV, UAV is stationary without a parcel, 11246.603682, 39, 11276.603682, 39, Recovered by truck at customer 39, UAV Recovery 
3, UAV, UAV is stationary with a parcel, 12989.656509, 70, 13049.656509, 70, Prepare to launch from truck, UAV Launch 
3, UAV, UAV taking off or landing with a parcel, 13049.656509, 70, 13053.352132, 70, Takeoff from truck at Customer 70, Traveling 
3, UAV, UAV travels with parcel, 13053.352132, 70, 13292.875334, 86, Fly to UAV customer 86, Traveling 
3, UAV, UAV taking off or landing with a parcel, 13292.875334, 86, 13299.266580, 86, Land at UAV customer 86, Traveling 
3, UAV, UAV is stationary with a parcel, 13299.266580, 86, 13359.266580, 86, Serving UAV customer 86, Making Delivery 
3, UAV, UAV taking off or landing with no parcels, 13359.266580, 86, 13362.962204, 86, Takeoff from UAV customer 86, Traveling 
3, UAV, UAV travels empty, 13362.962204, 86, 13417.700871, 22, Fly to truck at customer 22, Traveling 
3, UAV, UAV is stationary without a parcel, 13417.700871, 22, 13593.225280, 22, Idle above rendezvous location (customer 22), Idle 
3, UAV, UAV taking off or landing with no parcels, 13593.225280, 22, 13599.616527, 22, Land at truck rendezvous location (customer 22), Traveling 
3, UAV, UAV is stationary without a parcel, 13599.616527, 22, 13629.616527, 22, Recovered by truck at customer 22, UAV Recovery 
3, UAV, UAV is stationary with a parcel, 13659.616527, 22, 13719.616527, 22, Prepare to launch from truck, UAV Launch 
3, UAV, UAV taking off or landing with a parcel, 13719.616527, 22, 13723.312150, 22, Takeoff from truck at Customer 22, Traveling 
3, UAV, UAV travels with parcel, 13723.312150, 22, 13790.510715, 60, Fly to UAV customer 60, Traveling 
3, UAV, UAV taking off or landing with a parcel, 13790.510715, 60, 13796.901961, 60, Land at UAV customer 60, Traveling 
3, UAV, UAV is stationary with a parcel, 13796.901961, 60, 13856.901961, 60, Serving UAV customer 60, Making Delivery 
3, UAV, UAV taking off or landing with no parcels, 13856.901961, 60, 13860.597584, 60, Takeoff from UAV customer 60, Traveling 
3, UAV, UAV travels empty, 13860.597584, 60, 13919.096467, 56, Fly to truck at customer 56, Traveling 
3, UAV, UAV is stationary without a parcel, 13919.096467, 56, 13938.966042, 56, Idle above rendezvous location (customer 56), Idle 
3, UAV, UAV taking off or landing with no parcels, 13938.966042, 56, 13945.357289, 56, Land at truck rendezvous location (customer 56), Traveling 
3, UAV, UAV is stationary without a parcel, 13945.357289, 56, 13975.357289, 56, Recovered by truck at customer 56, UAV Recovery 
3, UAV, UAV is stationary with a parcel, 13975.357289, 56, 14035.357289, 56, Prepare to launch from truck, UAV Launch 
3, UAV, UAV taking off or landing with a parcel, 14035.357289, 56, 14039.052912, 56, Takeoff from truck at Customer 56, Traveling 
3, UAV, UAV travels with parcel, 14039.052912, 56, 14135.118785, 24, Fly to UAV customer 24, Traveling 
3, UAV, UAV taking off or landing with a parcel, 14135.118785, 24, 14141.510031, 24, Land at UAV customer 24, Traveling 
3, UAV, UAV is stationary with a parcel, 14141.510031, 24, 14201.510031, 24, Serving UAV customer 24, Making Delivery 
3, UAV, UAV taking off or landing with no parcels, 14201.510031, 24, 14205.205655, 24, Takeoff from UAV customer 24, Traveling 
3, UAV, UAV travels empty, 14205.205655, 24, 14388.659422, 62, Fly to truck at customer 62, Traveling 
3, UAV, UAV is stationary without a parcel, 14388.659422, 62, 14662.043674, 62, Idle above rendezvous location (customer 62), Idle 
3, UAV, UAV taking off or landing with no parcels, 14662.043674, 62, 14668.434920, 62, Land at truck rendezvous location (customer 62), Traveling 
3, UAV, UAV is stationary without a parcel, 14668.434920, 62, 14698.434920, 62, Recovered by truck at customer 62, UAV Recovery 
3, UAV, UAV is stationary with a parcel, 14698.434920, 62, 14758.434920, 62, Prepare to launch from truck, UAV Launch 
3, UAV, UAV taking off or landing with a parcel, 14758.434920, 62, 14762.130544, 62, Takeoff from truck at Customer 62, Traveling 
3, UAV, UAV travels with parcel, 14762.130544, 62, 14910.430363, 8, Fly to UAV customer 8, Traveling 
3, UAV, UAV taking off or landing with a parcel, 14910.430363, 8, 14916.821610, 8, Land at UAV customer 8, Traveling 
3, UAV, UAV is stationary with a parcel, 14916.821610, 8, 14976.821610, 8, Serving UAV customer 8, Making Delivery 
3, UAV, UAV taking off or landing with no parcels, 14976.821610, 8, 14980.517233, 8, Takeoff from UAV customer 8, Traveling 
3, UAV, UAV travels empty, 14980.517233, 8, 15120.782054, 59, Fly to truck at customer 59, Traveling 
3, UAV, UAV is stationary without a parcel, 15120.782054, 59, 15129.727632, 59, Idle above rendezvous location (customer 59), Idle 
3, UAV, UAV taking off or landing with no parcels, 15129.727632, 59, 15136.118878, 59, Land at truck rendezvous location (customer 59), Traveling 
3, UAV, UAV is stationary without a parcel, 15136.118878, 59, 15166.118878, 59, Recovered by truck at customer 59, UAV Recovery 
3, UAV, UAV is stationary with a parcel, 15420.318647, 38, 15480.318647, 38, Prepare to launch from truck, UAV Launch 
3, UAV, UAV taking off or landing with a parcel, 15480.318647, 38, 15484.014271, 38, Takeoff from truck at Customer 38, Traveling 
3, UAV, UAV travels with parcel, 15484.014271, 38, 15615.243815, 98, Fly to UAV customer 98, Traveling 
3, UAV, UAV taking off or landing with a parcel, 15615.243815, 98, 15621.635062, 98, Land at UAV customer 98, Traveling 
3, UAV, UAV is stationary with a parcel, 15621.635062, 98, 15681.635062, 98, Serving UAV customer 98, Making Delivery 
3, UAV, UAV taking off or landing with no parcels, 15681.635062, 98, 15685.330685, 98, Takeoff from UAV customer 98, Traveling 
3, UAV, UAV travels empty, 15685.330685, 98, 15812.948628, 46, Fly to truck at customer 46, Traveling 
3, UAV, UAV is stationary without a parcel, 15812.948628, 46, 15837.084997, 46, Idle above rendezvous location (customer 46), Idle 
3, UAV, UAV taking off or landing with no parcels, 15837.084997, 46, 15843.476243, 46, Land at truck rendezvous location (customer 46), Traveling 
3, UAV, UAV is stationary without a parcel, 15843.476243, 46, 15873.476243, 46, Recovered by truck at customer 46, UAV Recovery 
3, UAV, UAV is stationary with a parcel, 16052.686411, 72, 16112.686411, 72, Prepare to launch from truck, UAV Launch 
3, UAV, UAV taking off or landing with a parcel, 16112.686411, 72, 16116.382035, 72, Takeoff from truck at Customer 72, Traveling 
3, UAV, UAV travels with parcel, 16116.382035, 72, 16162.051349, 69, Fly to UAV customer 69, Traveling 
3, UAV, UAV taking off or landing with a parcel, 16162.051349, 69, 16168.442595, 69, Land at UAV customer 69, Traveling 
3, UAV, UAV is stationary with a parcel, 16168.442595, 69, 16228.442595, 69, Serving UAV customer 69, Making Delivery 
3, UAV, UAV taking off or landing with no parcels, 16228.442595, 69, 16232.138218, 69, Takeoff from UAV customer 69, Traveling 
3, UAV, UAV travels empty, 16232.138218, 69, 16403.420861, 92, Fly to truck at customer 92, Traveling 
3, UAV, UAV is stationary without a parcel, 16403.420861, 92, 16705.262897, 92, Idle above rendezvous location (customer 92), Idle 
3, UAV, UAV taking off or landing with no parcels, 16705.262897, 92, 16711.654143, 92, Land at truck rendezvous location (customer 92), Traveling 
3, UAV, UAV is stationary without a parcel, 16711.654143, 92, 16741.654143, 92, Recovered by truck at customer 92, UAV Recovery 
3, UAV, UAV is stationary with a parcel, 16977.641803, 1, 17037.641803, 1, Prepare to launch from truck, UAV Launch 
3, UAV, UAV taking off or landing with a parcel, 17037.641803, 1, 17041.337427, 1, Takeoff from truck at Customer 1, Traveling 
3, UAV, UAV travels with parcel, 17041.337427, 1, 17079.150311, 93, Fly to UAV customer 93, Traveling 
3, UAV, UAV taking off or landing with a parcel, 17079.150311, 93, 17085.541558, 93, Land at UAV customer 93, Traveling 
3, UAV, UAV is stationary with a parcel, 17085.541558, 93, 17145.541558, 93, Serving UAV customer 93, Making Delivery 
3, UAV, UAV taking off or landing with no parcels, 17145.541558, 93, 17149.237181, 93, Takeoff from UAV customer 93, Traveling 
3, UAV, UAV travels empty, 17149.237181, 93, 17252.055599, 47, Fly to truck at customer 47, Traveling 
3, UAV, UAV is stationary without a parcel, 17252.055599, 47, 17420.225936, 47, Idle above rendezvous location (customer 47), Idle 
3, UAV, UAV taking off or landing with no parcels, 17420.225936, 47, 17426.617182, 47, Land at truck rendezvous location (customer 47), Traveling 
3, UAV, UAV is stationary without a parcel, 17426.617182, 47, 17456.617182, 47, Recovered by truck at customer 47, UAV Recovery 
3, UAV, UAV is stationary with a parcel, 17576.617181, 47, 17636.617181, 47, Prepare to launch from truck, UAV Launch 
3, UAV, UAV taking off or landing with a parcel, 17636.617181, 47, 17640.312804, 47, Takeoff from truck at Customer 47, Traveling 
3, UAV, UAV travels with parcel, 17640.312804, 47, 17725.187406, 15, Fly to UAV customer 15, Traveling 
3, UAV, UAV taking off or landing with a parcel, 17725.187406, 15, 17731.578653, 15, Land at UAV customer 15, Traveling 
3, UAV, UAV is stationary with a parcel, 17731.578653, 15, 17791.578653, 15, Serving UAV customer 15, Making Delivery 
3, UAV, UAV taking off or landing with no parcels, 17791.578653, 15, 17795.274276, 15, Takeoff from UAV customer 15, Traveling 
3, UAV, UAV travels empty, 17795.274276, 15, 17982.715225, 101, Fly to depot, Traveling 
3, UAV, UAV is stationary without a parcel, 17982.715225, 101, 18135.310739, 101, Idle above depot location, Idle 
3, UAV, UAV taking off or landing with no parcels, 18135.310739, 101, 18141.701986, 101, Land at depot, Traveling 
3, UAV, UAV is stationary without a parcel, 18141.701986, 101, 18171.701986, 101, Recovered at depot, UAV Recovery 
4, UAV, UAV is stationary with a parcel, 382.204403, 84, 442.204403, 84, Prepare to launch from truck, UAV Launch 
4, UAV, UAV taking off or landing with a parcel, 442.204403, 84, 445.900026, 84, Takeoff from truck at Customer 84, Traveling 
4, UAV, UAV travels with parcel, 445.900026, 84, 605.019488, 80, Fly to UAV customer 80, Traveling 
4, UAV, UAV taking off or landing with a parcel, 605.019488, 80, 611.410735, 80, Land at UAV customer 80, Traveling 
4, UAV, UAV is stationary with a parcel, 611.410735, 80, 671.410735, 80, Serving UAV customer 80, Making Delivery 
4, UAV, UAV taking off or landing with no parcels, 671.410735, 80, 675.106358, 80, Takeoff from UAV customer 80, Traveling 
4, UAV, UAV travels empty, 675.106358, 80, 783.624242, 32, Fly to truck at customer 32, Traveling 
4, UAV, UAV is stationary without a parcel, 783.624242, 32, 1169.763631, 32, Idle above rendezvous location (customer 32), Idle 
4, UAV, UAV taking off or landing with no parcels, 1169.763631, 32, 1176.154878, 32, Land at truck rendezvous location (customer 32), Traveling 
4, UAV, UAV is stationary without a parcel, 1176.154878, 32, 1206.154878, 32, Recovered by truck at customer 32, UAV Recovery 
4, UAV, UAV is stationary with a parcel, 3896.550353, 44, 3956.550353, 44, Prepare to launch from truck, UAV Launch 
4, UAV, UAV taking off or landing with a parcel, 3956.550353, 44, 3960.245976, 44, Takeoff from truck at Customer 44, Traveling 
4, UAV, UAV travels with parcel, 3960.245976, 44, 3994.210330, 25, Fly to UAV customer 25, Traveling 
4, UAV, UAV taking off or landing with a parcel, 3994.210330, 25, 4000.601577, 25, Land at UAV customer 25, Traveling 
4, UAV, UAV is stationary with a parcel, 4000.601577, 25, 4060.601577, 25, Serving UAV customer 25, Making Delivery 
4, UAV, UAV taking off or landing with no parcels, 4060.601577, 25, 4064.297200, 25, Takeoff from UAV customer 25, Traveling 
4, UAV, UAV travels empty, 4064.297200, 25, 4230.849104, 95, Fly to truck at customer 95, Traveling 
4, UAV, UAV is stationary without a parcel, 4230.849104, 95, 4739.235022, 95, Idle above rendezvous location (customer 95), Idle 
4, UAV, UAV taking off or landing with no parcels, 4739.235022, 95, 4745.626269, 95, Land at truck rendezvous location (customer 95), Traveling 
4, UAV, UAV is stationary without a parcel, 4745.626269, 95, 4775.626269, 95, Recovered by truck at customer 95, UAV Recovery 
4, UAV, UAV is stationary with a parcel, 4775.626269, 95, 4835.626269, 95, Prepare to launch from truck, UAV Launch 
4, UAV, UAV taking off or landing with a parcel, 4835.626269, 95, 4839.321892, 95, Takeoff from truck at Customer 95, Traveling 
4, UAV, UAV travels with parcel, 4839.321892, 95, 4971.986428, 91, Fly to UAV customer 91, Traveling 
4, UAV, UAV taking off or landing with a parcel, 4971.986428, 91, 4978.377674, 91, Land at UAV customer 91, Traveling 
4, UAV, UAV is stationary with a parcel, 4978.377674, 91, 5038.377674, 91, Serving UAV customer 91, Making Delivery 
4, UAV, UAV taking off or landing with no parcels, 5038.377674, 91, 5042.073298, 91, Takeoff from UAV customer 91, Traveling 
4, UAV, UAV travels empty, 5042.073298, 91, 5180.917198, 81, Fly to truck at customer 81, Traveling 
4, UAV, UAV taking off or landing with no parcels, 5180.917198, 81, 5187.308444, 81, Land at truck rendezvous location (customer 81), Traveling 
4, UAV, UAV is stationary without a parcel, 5187.308444, 81, 5217.308444, 81, Recovered by truck at customer 81, UAV Recovery 
4, UAV, UAV is stationary with a parcel, 7478.196588, 82, 7538.196588, 82, Prepare to launch from truck, UAV Launch 
4, UAV, UAV taking off or landing with a parcel, 7538.196588, 82, 7541.892212, 82, Takeoff from truck at Customer 82, Traveling 
4, UAV, UAV travels with parcel, 7541.892212, 82, 7767.263645, 31, Fly to UAV customer 31, Traveling 
4, UAV, UAV taking off or landing with a parcel, 7767.263645, 31, 7773.654892, 31, Land at UAV customer 31, Traveling 
4, UAV, UAV is stationary with a parcel, 7773.654892, 31, 7833.654892, 31, Serving UAV customer 31, Making Delivery 
4, UAV, UAV taking off or landing with no parcels, 7833.654892, 31, 7837.350515, 31, Takeoff from UAV customer 31, Traveling 
4, UAV, UAV travels empty, 7837.350515, 31, 7888.504204, 89, Fly to truck at customer 89, Traveling 
4, UAV, UAV is stationary without a parcel, 7888.504204, 89, 8122.191127, 89, Idle above rendezvous location (customer 89), Idle 
4, UAV, UAV taking off or landing with no parcels, 8122.191127, 89, 8128.582373, 89, Land at truck rendezvous location (customer 89), Traveling 
4, UAV, UAV is stationary without a parcel, 8128.582373, 89, 8158.582373, 89, Recovered by truck at customer 89, UAV Recovery 
4, UAV, UAV is stationary with a parcel, 8625.137174, 53, 8685.137174, 53, Prepare to launch from truck, UAV Launch 
4, UAV, UAV taking off or landing with a parcel, 8685.137174, 53, 8688.832798, 53, Takeoff from truck at Customer 53, Traveling 
4, UAV, UAV travels with parcel, 8688.832798, 53, 8767.320644, 16, Fly to UAV customer 16, Traveling 
4, UAV, UAV taking off or landing with a parcel, 8767.320644, 16, 8773.711890, 16, Land at UAV customer 16, Traveling 
4, UAV, UAV is stationary with a parcel, 8773.711890, 16, 8833.711890, 16, Serving UAV customer 16, Making Delivery 
4, UAV, UAV taking off or landing with no parcels, 8833.711890, 16, 8837.407513, 16, Takeoff from UAV customer 16, Traveling 
4, UAV, UAV travels empty, 8837.407513, 16, 8899.531790, 13, Fly to truck at customer 13, Traveling 
4, UAV, UAV is stationary without a parcel, 8899.531790, 13, 9023.724609, 13, Idle above rendezvous location (customer 13), Idle 
4, UAV, UAV taking off or landing with no parcels, 9023.724609, 13, 9030.115856, 13, Land at truck rendezvous location (customer 13), Traveling 
4, UAV, UAV is stationary without a parcel, 9030.115856, 13, 9060.115856, 13, Recovered by truck at customer 13, UAV Recovery 
4, UAV, UAV is stationary with a parcel, 9150.115856, 13, 9210.115856, 13, Prepare to launch from truck, UAV Launch 
4, UAV, UAV taking off or landing with a parcel, 9210.115856, 13, 9213.811479, 13, Takeoff from truck at Customer 13, Traveling 
4, UAV, UAV travels with parcel, 9213.811479, 13, 9258.358411, 99, Fly to UAV customer 99, Traveling 
4, UAV, UAV taking off or landing with a parcel, 9258.358411, 99, 9264.749658, 99, Land at UAV customer 99, Traveling 
4, UAV, UAV is stationary with a parcel, 9264.749658, 99, 9324.749658, 99, Serving UAV customer 99, Making Delivery 
4, UAV, UAV taking off or landing with no parcels, 9324.749658, 99, 9328.445281, 99, Takeoff from UAV customer 99, Traveling 
4, UAV, UAV travels empty, 9328.445281, 99, 9413.717467, 52, Fly to truck at customer 52, Traveling 
4, UAV, UAV is stationary without a parcel, 9413.717467, 52, 9580.926381, 52, Idle above rendezvous location (customer 52), Idle 
4, UAV, UAV taking off or landing with no parcels, 9580.926381, 52, 9587.317628, 52, Land at truck rendezvous location (customer 52), Traveling 
4, UAV, UAV is stationary without a parcel, 9587.317628, 52, 9617.317628, 52, Recovered by truck at customer 52, UAV Recovery 
4, UAV, UAV is stationary with a parcel, 9617.317628, 52, 9677.317628, 52, Prepare to launch from truck, UAV Launch 
4, UAV, UAV taking off or landing with a parcel, 9677.317628, 52, 9681.013251, 52, Takeoff from truck at Customer 52, Traveling 
4, UAV, UAV travels with parcel, 9681.013251, 52, 9733.778718, 18, Fly to UAV customer 18, Traveling 
4, UAV, UAV taking off or landing with a parcel, 9733.778718, 18, 9740.169964, 18, Land at UAV customer 18, Traveling 
4, UAV, UAV is stationary with a parcel, 9740.169964, 18, 9800.169964, 18, Serving UAV customer 18, Making Delivery 
4, UAV, UAV taking off or landing with no parcels, 9800.169964, 18, 9803.865587, 18, Takeoff from UAV customer 18, Traveling 
4, UAV, UAV travels empty, 9803.865587, 18, 9889.680094, 7, Fly to truck at customer 7, Traveling 
4, UAV, UAV is stationary without a parcel, 9889.680094, 7, 10023.817197, 7, Idle above rendezvous location (customer 7), Idle 
4, UAV, UAV taking off or landing with no parcels, 10023.817197, 7, 10030.208444, 7, Land at truck rendezvous location (customer 7), Traveling 
4, UAV, UAV is stationary without a parcel, 10030.208444, 7, 10060.208444, 7, Recovered by truck at customer 7, UAV Recovery 
4, UAV, UAV is stationary with a parcel, 10120.208444, 7, 10180.208444, 7, Prepare to launch from truck, UAV Launch 
4, UAV, UAV taking off or landing with a parcel, 10180.208444, 7, 10183.904067, 7, Takeoff from truck at Customer 7, Traveling 
4, UAV, UAV travels with parcel, 10183.904067, 7, 10260.913584, 28, Fly to UAV customer 28, Traveling 
4, UAV, UAV taking off or landing with a parcel, 10260.913584, 28, 10267.304830, 28, Land at UAV customer 28, Traveling 
4, UAV, UAV is stationary with a parcel, 10267.304830, 28, 10327.304830, 28, Serving UAV customer 28, Making Delivery 
4, UAV, UAV taking off or landing with no parcels, 10327.304830, 28, 10331.000453, 28, Takeoff from UAV customer 28, Traveling 
4, UAV, UAV travels empty, 10331.000453, 28, 10362.661448, 40, Fly to truck at customer 40, Traveling 
4, UAV, UAV is stationary without a parcel, 10362.661448, 40, 10535.036979, 40, Idle above rendezvous location (customer 40), Idle 
4, UAV, UAV taking off or landing with no parcels, 10535.036979, 40, 10541.428226, 40, Land at truck rendezvous location (customer 40), Traveling 
4, UAV, UAV is stationary without a parcel, 10541.428226, 40, 10571.428226, 40, Recovered by truck at customer 40, UAV Recovery 
4, UAV, UAV is stationary with a parcel, 10601.428226, 40, 10661.428226, 40, Prepare to launch from truck, UAV Launch 
4, UAV, UAV taking off or landing with a parcel, 10661.428226, 40, 10665.123849, 40, Takeoff from truck at Customer 40, Traveling 
4, UAV, UAV travels with parcel, 10665.123849, 40, 10783.343649, 74, Fly to UAV customer 74, Traveling 
4, UAV, UAV taking off or landing with a parcel, 10783.343649, 74, 10789.734895, 74, Land at UAV customer 74, Traveling 
4, UAV, UAV is stationary with a parcel, 10789.734895, 74, 10849.734895, 74, Serving UAV customer 74, Making Delivery 
4, UAV, UAV taking off or landing with no parcels, 10849.734895, 74, 10853.430518, 74, Takeoff from UAV customer 74, Traveling 
4, UAV, UAV travels empty, 10853.430518, 74, 10974.033197, 39, Fly to truck at customer 39, Traveling 
4, UAV, UAV is stationary without a parcel, 10974.033197, 39, 11330.212435, 39, Idle above rendezvous location (customer 39), Idle 
4, UAV, UAV taking off or landing with no parcels, 11330.212435, 39, 11336.603682, 39, Land at truck rendezvous location (customer 39), Traveling 
4, UAV, UAV is stationary without a parcel, 11336.603682, 39, 11366.603682, 39, Recovered by truck at customer 39, UAV Recovery 
4, UAV, UAV is stationary with a parcel, 13885.357289, 56, 13945.357289, 56, Prepare to launch from truck, UAV Launch 
4, UAV, UAV taking off or landing with a parcel, 13945.357289, 56, 13949.052912, 56, Takeoff from truck at Customer 56, Traveling 
4, UAV, UAV travels with parcel, 13949.052912, 56, 14137.405783, 90, Fly to UAV customer 90, Traveling 
4, UAV, UAV taking off or landing with a parcel, 14137.405783, 90, 14143.797029, 90, Land at UAV customer 90, Traveling 
4, UAV, UAV is stationary with a parcel, 14143.797029, 90, 14203.797029, 90, Serving UAV customer 90, Making Delivery 
4, UAV, UAV taking off or landing with no parcels, 14203.797029, 90, 14207.492652, 90, Takeoff from UAV customer 90, Traveling 
4, UAV, UAV travels empty, 14207.492652, 90, 14297.266611, 62, Fly to truck at customer 62, Traveling 
4, UAV, UAV is stationary without a parcel, 14297.266611, 62, 14508.443575, 62, Idle above rendezvous location (customer 62), Idle 
4, UAV, UAV taking off or landing with no parcels, 14508.443575, 62, 14514.834822, 62, Land at truck rendezvous location (customer 62), Traveling 
4, UAV, UAV is stationary without a parcel, 14514.834822, 62, 14544.834822, 62, Recovered by truck at customer 62, UAV Recovery 
4, UAV, UAV is stationary with a parcel, 14758.434920, 62, 14818.434920, 62, Prepare to launch from truck, UAV Launch 
4, UAV, UAV taking off or landing with a parcel, 14818.434920, 62, 14822.130544, 62, Takeoff from truck at Customer 62, Traveling 
4, UAV, UAV travels with parcel, 14822.130544, 62, 14956.097053, 85, Fly to UAV customer 85, Traveling 
4, UAV, UAV taking off or landing with a parcel, 14956.097053, 85, 14962.488299, 85, Land at UAV customer 85, Traveling 
4, UAV, UAV is stationary with a parcel, 14962.488299, 85, 15022.488299, 85, Serving UAV customer 85, Making Delivery 
4, UAV, UAV taking off or landing with no parcels, 15022.488299, 85, 15026.183922, 85, Takeoff from UAV customer 85, Traveling 
4, UAV, UAV travels empty, 15026.183922, 85, 15167.698966, 38, Fly to truck at customer 38, Traveling 
4, UAV, UAV is stationary without a parcel, 15167.698966, 38, 15263.927401, 38, Idle above rendezvous location (customer 38), Idle 
4, UAV, UAV taking off or landing with no parcels, 15263.927401, 38, 15270.318647, 38, Land at truck rendezvous location (customer 38), Traveling 
4, UAV, UAV is stationary without a parcel, 15270.318647, 38, 15300.318647, 38, Recovered by truck at customer 38, UAV Recovery 
4, UAV, UAV is stationary with a parcel, 15360.318647, 38, 15420.318647, 38, Prepare to launch from truck, UAV Launch 
4, UAV, UAV taking off or landing with a parcel, 15420.318647, 38, 15424.014271, 38, Takeoff from truck at Customer 38, Traveling 
4, UAV, UAV travels with parcel, 15424.014271, 38, 15531.177499, 45, Fly to UAV customer 45, Traveling 
4, UAV, UAV taking off or landing with a parcel, 15531.177499, 45, 15537.568745, 45, Land at UAV customer 45, Traveling 
4, UAV, UAV is stationary with a parcel, 15537.568745, 45, 15597.568745, 45, Serving UAV customer 45, Making Delivery 
4, UAV, UAV taking off or landing with no parcels, 15597.568745, 45, 15601.264369, 45, Takeoff from UAV customer 45, Traveling 
4, UAV, UAV travels empty, 15601.264369, 45, 15727.780187, 94, Fly to truck at customer 94, Traveling 
4, UAV, UAV is stationary without a parcel, 15727.780187, 94, 15754.782007, 94, Idle above rendezvous location (customer 94), Idle 
4, UAV, UAV taking off or landing with no parcels, 15754.782007, 94, 15761.173253, 94, Land at truck rendezvous location (customer 94), Traveling 
4, UAV, UAV is stationary without a parcel, 15761.173253, 94, 15791.173253, 94, Recovered by truck at customer 94, UAV Recovery 
4, UAV, UAV is stationary with a parcel, 16112.686411, 72, 16172.686411, 72, Prepare to launch from truck, UAV Launch 
4, UAV, UAV taking off or landing with a parcel, 16172.686411, 72, 16176.382035, 72, Takeoff from truck at Customer 72, Traveling 
4, UAV, UAV travels with parcel, 16176.382035, 72, 16350.606840, 19, Fly to UAV customer 19, Traveling 
4, UAV, UAV taking off or landing with a parcel, 16350.606840, 19, 16356.998087, 19, Land at UAV customer 19, Traveling 
4, UAV, UAV is stationary with a parcel, 16356.998087, 19, 16416.998087, 19, Serving UAV customer 19, Making Delivery 
4, UAV, UAV taking off or landing with no parcels, 16416.998087, 19, 16420.693710, 19, Takeoff from UAV customer 19, Traveling 
4, UAV, UAV travels empty, 16420.693710, 19, 16488.776376, 92, Fly to truck at customer 92, Traveling 
4, UAV, UAV is stationary without a parcel, 16488.776376, 92, 16675.262897, 92, Idle above rendezvous location (customer 92), Idle 
4, UAV, UAV taking off or landing with no parcels, 16675.262897, 92, 16681.654143, 92, Land at truck rendezvous location (customer 92), Traveling 
4, UAV, UAV is stationary without a parcel, 16681.654143, 92, 16711.654143, 92, Recovered by truck at customer 92, UAV Recovery 
4, UAV, UAV is stationary with a parcel, 17037.641803, 1, 17097.641803, 1, Prepare to launch from truck, UAV Launch 
4, UAV, UAV taking off or landing with a parcel, 17097.641803, 1, 17101.337427, 1, Takeoff from truck at Customer 1, Traveling 
4, UAV, UAV travels with parcel, 17101.337427, 1, 17240.283758, 97, Fly to UAV customer 97, Traveling 
4, UAV, UAV taking off or landing with a parcel, 17240.283758, 97, 17246.675004, 97, Land at UAV customer 97, Traveling 
4, UAV, UAV is stationary with a parcel, 17246.675004, 97, 17306.675004, 97, Serving UAV customer 97, Making Delivery 
4, UAV, UAV taking off or landing with no parcels, 17306.675004, 97, 17310.370627, 97, Takeoff from UAV customer 97, Traveling 
4, UAV, UAV travels empty, 17310.370627, 97, 17435.262423, 47, Fly to truck at customer 47, Traveling 
4, UAV, UAV is stationary without a parcel, 17435.262423, 47, 17480.225936, 47, Idle above rendezvous location (customer 47), Idle 
4, UAV, UAV taking off or landing with no parcels, 17480.225936, 47, 17486.617182, 47, Land at truck rendezvous location (customer 47), Traveling 
4, UAV, UAV is stationary without a parcel, 17486.617182, 47, 17516.617182, 47, Recovered by truck at customer 47, UAV Recovery 
4, UAV, UAV is stationary with a parcel, 17636.617181, 47, 17696.617181, 47, Prepare to launch from truck, UAV Launch 
4, UAV, UAV taking off or landing with a parcel, 17696.617181, 47, 17700.312804, 47, Takeoff from truck at Customer 47, Traveling 
4, UAV, UAV travels with parcel, 17700.312804, 47, 17736.278214, 71, Fly to UAV customer 71, Traveling 
4, UAV, UAV taking off or landing with a parcel, 17736.278214, 71, 17742.669461, 71, Land at UAV customer 71, Traveling 
4, UAV, UAV is stationary with a parcel, 17742.669461, 71, 17802.669461, 71, Serving UAV customer 71, Making Delivery 
4, UAV, UAV taking off or landing with no parcels, 17802.669461, 71, 17806.365084, 71, Takeoff from UAV customer 71, Traveling 
4, UAV, UAV travels empty, 17806.365084, 71, 18015.442223, 101, Fly to depot, Traveling 
4, UAV, UAV is stationary without a parcel, 18015.442223, 101, 18165.310739, 101, Idle above depot location, Idle 
4, UAV, UAV taking off or landing with no parcels, 18165.310739, 101, 18171.701986, 101, Land at depot, Traveling 
4, UAV, UAV is stationary without a parcel, 18171.701986, 101, 18201.701986, 101, Recovered at depot, UAV Recovery 
